,Org,Gene_Locus,KO_Nbr,Gene_Name,Gene_Function,E_Score,P_Score,Organism,Gene_essentaility
0,ast,Asulf_00014,K00196,cooF,anaerobic carbon-monoxide dehydrogenase iron sulfur subunit,0.0,0.0000 ,Archaeoglobus sulfaticallidus,NE
1,ast,Asulf_00028,K01791,wecB,UDP-N-acetylglucosamine 2-epimerase (non-hydrolysing),0.0075,0.0070,Archaeoglobus sulfaticallidus,NE
2,ast,Asulf_00034,K00943,"tmk, DTYMK",dTMP kinase,0.7026,0.4891,Archaeoglobus sulfaticallidus,E
3,ast,Asulf_00036,K01711,"gmd, GMDS","GDPmannose 4,6-dehydratase",0.0067,0.0349,Archaeoglobus sulfaticallidus,NE
4,ast,Asulf_00037,K02377,"TSTA3, fcl",GDP-L-fucose synthase,0.0091,0.0281,Archaeoglobus sulfaticallidus,NE
5,ast,Asulf_00049,K00677,lpxA,UDP-N-acetylglucosamine acyltransferase,0.4842,0.3084,Archaeoglobus sulfaticallidus,NE
6,ast,Asulf_00050,K00059,fabG,3-oxoacyl-[acyl-carrier protein] reductase,0.7026,0.4376,Archaeoglobus sulfaticallidus,E
7,ast,Asulf_00051,K13010,"per, rfbE",perosamine synthetase,0.0,0.0174,Archaeoglobus sulfaticallidus,NE
8,ast,Asulf_00058,K01784,"galE, GALE",UDP-glucose 4-epimerase,0.0526,0.0568,Archaeoglobus sulfaticallidus,NE
9,ast,Asulf_00059,K01790,"rfbC, rmlC","dTDP-4-dehydrorhamnose 3,5-epimerase",0.0463,0.0857,Archaeoglobus sulfaticallidus,NE
10,ast,Asulf_00060,K00973,"E2.7.7.24, rfbA, rffH",glucose-1-phosphate thymidylyltransferase,0.0335,0.0709,Archaeoglobus sulfaticallidus,NE
11,ast,Asulf_00067,K03110,ftsY,fused signal recognition particle receptor,0.6601,0.5766,Archaeoglobus sulfaticallidus,E
12,ast,Asulf_00069,K02944,"RP-LX, rplX",large subunit ribosomal protein LX,0.0,0.2901,Archaeoglobus sulfaticallidus,E
13,ast,Asulf_00071,K02910,"RP-L31e, RPL31",large subunit ribosomal protein L31e,0.0,0.2901,Archaeoglobus sulfaticallidus,E
14,ast,Asulf_00072,K02924,"RP-L39e, RPL39",large subunit ribosomal protein L39e,0.0,0.2901,Archaeoglobus sulfaticallidus,E
15,ast,Asulf_00074,K02966,"RP-S19e, RPS19",small subunit ribosomal protein S19e,0.0,0.2901,Archaeoglobus sulfaticallidus,E
16,ast,Asulf_00077,K04801,rfcS,replication factor C small subunit,0.0,0.5772,Archaeoglobus sulfaticallidus,E
17,ast,Asulf_00078,K15866,paaG,"2-(1,2-epoxy-1,2-dihydrophenyl)acetyl-CoA isomerase",0.0,0.0013,Archaeoglobus sulfaticallidus,NE
18,ast,Asulf_00083,K02977,"RP-S27Ae, RPS27A",small subunit ribosomal protein S27Ae,0.0,0.2901,Archaeoglobus sulfaticallidus,E
19,ast,Asulf_00084,K02974,"RP-S24e, RPS24",small subunit ribosomal protein S24e,0.0,0.2901,Archaeoglobus sulfaticallidus,E
20,ast,Asulf_00086,K03050,rpoE2,DNA-directed RNA polymerase subunit E,0.8098,0.8186,Archaeoglobus sulfaticallidus,E
21,ast,Asulf_00087,K03049,rpoE1,DNA-directed RNA polymerase subunit E,0.8098,0.8186,Archaeoglobus sulfaticallidus,E
22,ast,Asulf_00103,K00945,cmk,CMP/dCMP kinase,0.8469,0.5663,Archaeoglobus sulfaticallidus,E
23,ast,Asulf_00105,K03076,secY,preprotein translocase subunit SecY,0.6601,0.6114,Archaeoglobus sulfaticallidus,E
24,ast,Asulf_00106,K02876,"RP-L15, MRPL15, rplO",large subunit ribosomal protein L15,0.5625,0.6211,Archaeoglobus sulfaticallidus,NE
25,ast,Asulf_00107,K02907,"RP-L30, MRPL30, rpmD",large subunit ribosomal protein L30,0.3727,0.4868,Archaeoglobus sulfaticallidus,NE
26,ast,Asulf_00108,K02988,"RP-S5, MRPS5, rpsE",small subunit ribosomal protein S5,0.7119,0.6883,Archaeoglobus sulfaticallidus,E
27,ast,Asulf_00109,K02881,"RP-L18, MRPL18, rplR",large subunit ribosomal protein L18,0.5625,0.6211,Archaeoglobus sulfaticallidus,NE
28,ast,Asulf_00110,K02885,"RP-L19e, RPL19",large subunit ribosomal protein L19e,0.0,0.2901,Archaeoglobus sulfaticallidus,E
29,ast,Asulf_00111,K02912,"RP-L32e, RPL32",large subunit ribosomal protein L32e,0.0,0.2901,Archaeoglobus sulfaticallidus,E
30,ast,Asulf_00112,K02933,"RP-L6, MRPL6, rplF",large subunit ribosomal protein L6,0.7656,0.7124,Archaeoglobus sulfaticallidus,E
31,ast,Asulf_00113,K02994,"RP-S8, rpsH",small subunit ribosomal protein S8,0.6293,0.6378,Archaeoglobus sulfaticallidus,E
32,ast,Asulf_00114,K02954,"RP-S14, MRPS14, rpsN",small subunit ribosomal protein S14,0.5625,0.6211,Archaeoglobus sulfaticallidus,NE
33,ast,Asulf_00115,K02931,"RP-L5, MRPL5, rplE",large subunit ribosomal protein L5,0.7119,0.6883,Archaeoglobus sulfaticallidus,E
34,ast,Asulf_00116,K02987,"RP-S4e, RPS4",small subunit ribosomal protein S4e,0.0,0.2901,Archaeoglobus sulfaticallidus,E
35,ast,Asulf_00117,K02895,"RP-L24, MRPL24, rplX",large subunit ribosomal protein L24,0.58,0.6162,Archaeoglobus sulfaticallidus,NE
36,ast,Asulf_00118,K02874,"RP-L14, MRPL14, rplN",large subunit ribosomal protein L14,0.5166,0.6003,Archaeoglobus sulfaticallidus,NE
37,ast,Asulf_00119,K02961,"RP-S17, MRPS17, rpsQ",small subunit ribosomal protein S17,0.4873,0.5756,Archaeoglobus sulfaticallidus,NE
38,ast,Asulf_00121,K02904,"RP-L29, rpmC",large subunit ribosomal protein L29,0.4873,0.5756,Archaeoglobus sulfaticallidus,NE
39,ast,Asulf_00122,K02982,"RP-S3, rpsC",small subunit ribosomal protein S3,0.7119,0.6883,Archaeoglobus sulfaticallidus,E
40,ast,Asulf_00123,K02890,"RP-L22, MRPL22, rplV",large subunit ribosomal protein L22,0.4873,0.5756,Archaeoglobus sulfaticallidus,NE
41,ast,Asulf_00124,K02965,"RP-S19, rpsS",small subunit ribosomal protein S19,0.4873,0.5756,Archaeoglobus sulfaticallidus,NE
42,ast,Asulf_00125,K02886,"RP-L2, MRPL2, rplB",large subunit ribosomal protein L2,0.7119,0.6883,Archaeoglobus sulfaticallidus,E
43,ast,Asulf_00126,K02892,"RP-L23, MRPL23, rplW",large subunit ribosomal protein L23,0.5987,0.6114,Archaeoglobus sulfaticallidus,NE
44,ast,Asulf_00127,K02930,"RP-L4e, RPL4",large subunit ribosomal protein L4e,0.0,0.6601,Archaeoglobus sulfaticallidus,E
45,ast,Asulf_00128,K02906,"RP-L3, MRPL3, rplC",large subunit ribosomal protein L3,0.7341,0.6833,Archaeoglobus sulfaticallidus,E
46,ast,Asulf_00134,K00812,aspB,aspartate aminotransferase,0.2316,0.1300,Archaeoglobus sulfaticallidus,NE
47,ast,Asulf_00135,K00794,"ribH, RIB4","6,7-dimethyl-8-ribityllumazine synthase",0.2177,0.2963,Archaeoglobus sulfaticallidus,NE
48,ast,Asulf_00136,K00793,"ribE, RIB5",riboflavin synthase,0.2177,0.2963,Archaeoglobus sulfaticallidus,NE
49,ast,Asulf_00138,K15016,K15016,enoyl-CoA hydratase / 3-hydroxyacyl-CoA dehydrogenase,0.0286,0.0038,Archaeoglobus sulfaticallidus,NE
50,ast,Asulf_00142,K14218,tRNA-Ala,tRNA Ala,0.006,0.2024,Archaeoglobus sulfaticallidus,NE
51,ast,Asulf_00144,K00761,"upp, UPRT",uracil phosphoribosyltransferase,0.0177,0.1551,Archaeoglobus sulfaticallidus,NE
52,ast,Asulf_00146,K02201,E2.7.7.3B,pantetheine-phosphate adenylyltransferase,0.5851,0.4431,Archaeoglobus sulfaticallidus,NE
53,ast,Asulf_00150,K18285,mqnE,aminodeoxyfutalosine synthase,0.0,0.0464,Archaeoglobus sulfaticallidus,E
54,ast,Asulf_00151,K11782,mqnA,chorismate dehydratase,0.0,0.0464,Archaeoglobus sulfaticallidus,E
55,ast,Asulf_00152,K11784,mqnC,cyclic dehypoxanthinyl futalosine synthase,0.0,0.0464,Archaeoglobus sulfaticallidus,E
56,ast,Asulf_00155,K01649,"leuA, IMS",2-isopropylmalate synthase,0.0107,0.0293,Archaeoglobus sulfaticallidus,NE
57,ast,Asulf_00161,K01778,dapF,diaminopimelate epimerase,0.3297,0.2269,Archaeoglobus sulfaticallidus,NE
58,ast,Asulf_00162,K01591,pyrF,orotidine-5-phosphate decarboxylase,0.0665,0.1970,Archaeoglobus sulfaticallidus,NE
59,ast,Asulf_00165,K08094,hxlB,6-phospho-3-hexuloisomerase,0.0,0.0000 ,Archaeoglobus sulfaticallidus,NE
60,ast,Asulf_00169,K01101,E3.1.3.41,4-nitrophenyl phosphatase,0.0,0.0170,Archaeoglobus sulfaticallidus,NE
61,ast,Asulf_00173,K00626,"E2.3.1.9, atoB",acetyl-CoA C-acetyltransferase,0.0206,0.0393,Archaeoglobus sulfaticallidus,NE
62,ast,Asulf_00174,K00626,"E2.3.1.9, atoB",acetyl-CoA C-acetyltransferase,0.0206,0.0393,Archaeoglobus sulfaticallidus,NE
63,ast,Asulf_00175,K01040,gctB,"glutaconate CoA-transferase, subunit B",0.0,0.0203,Archaeoglobus sulfaticallidus,NE
64,ast,Asulf_00176,K01039,gctA,"glutaconate CoA-transferase, subunit A",0.0,0.0203,Archaeoglobus sulfaticallidus,NE
65,ast,Asulf_00177,K06897,K06897,"7,8-dihydropterin-6-yl-methyl-4-(beta-D-ribofuranosyl)aminobenzene 5-phosphate synthase",0.0,0.0063,Archaeoglobus sulfaticallidus,NE
66,ast,Asulf_00180,K03738,aor,aldehyde:ferredoxin oxidoreductase,0.0,0.0113,Archaeoglobus sulfaticallidus,NE
67,ast,Asulf_00182,K01438,argE,acetylornithine deacetylase,0.0579,0.0640,Archaeoglobus sulfaticallidus,NE
68,ast,Asulf_00184,K01915,"glnA, GLUL",glutamine synthetase,0.4736,0.4162,Archaeoglobus sulfaticallidus,NE
69,ast,Asulf_00185,K00823,puuE,4-aminobutyrate aminotransferase,0.0039,0.0172,Archaeoglobus sulfaticallidus,NE
70,ast,Asulf_00187,K14225,tRNA-Gly,tRNA Gly,0.0,0.2024,Archaeoglobus sulfaticallidus,E
71,ast,Asulf_00195,K00024,mdh,malate dehydrogenase,0.0657,0.0819,Archaeoglobus sulfaticallidus,NE
72,ast,Asulf_00196,K00845,glk,glucokinase,0.0051,0.0269,Archaeoglobus sulfaticallidus,NE
73,ast,Asulf_00198,K07466,"RFA1, RPA1, rpa",replication factor A1,0.0,,Archaeoglobus sulfaticallidus,NE
74,ast,Asulf_00199,K00817,hisC,histidinol-phosphate aminotransferase,0.1003,0.1197,Archaeoglobus sulfaticallidus,NE
75,ast,Asulf_00201,K01915,"glnA, GLUL",glutamine synthetase,0.4736,0.4162,Archaeoglobus sulfaticallidus,NE
76,ast,Asulf_00202,K03186,"ubiX, bsdB, PAD1",flavin prenyltransferase,0.0788,0.0786,Archaeoglobus sulfaticallidus,NE
77,ast,Asulf_00207,K00789,metK,S-adenosylmethionine synthetase,0.7119,0.5349,Archaeoglobus sulfaticallidus,E
78,ast,Asulf_00210,K02319,"DPA, polB",DNA polymerase I,0.8098,0.7274,Archaeoglobus sulfaticallidus,E
79,ast,Asulf_00213,K17218,sqr,sulfide:quinone oxidoreductase,0.0,0.0087,Archaeoglobus sulfaticallidus,NE
80,ast,Asulf_00215,K00672,ftr,formylmethanofuran--tetrahydromethanopterin N-formyltransferase,0.0,0.0000 ,Archaeoglobus sulfaticallidus,NE
81,ast,Asulf_00217,K00952,nadM,nicotinamide-nucleotide adenylyltransferase,0.5531,0.3402,Archaeoglobus sulfaticallidus,NE
82,ast,Asulf_00219,K19664,carS,"CDP-2,3-bis-(O-geranylgeranyl)-sn-glycerol synthase",0.0,0.4806,Archaeoglobus sulfaticallidus,E
83,ast,Asulf_00220,K00762,pyrE,orotate phosphoribosyltransferase,0.0259,0.1665,Archaeoglobus sulfaticallidus,NE
84,ast,Asulf_00222,K01613,"psd, PISD",phosphatidylserine decarboxylase,0.2176,0.1484,Archaeoglobus sulfaticallidus,NE
85,ast,Asulf_00227,K00943,"tmk, DTYMK",dTMP kinase,0.7026,0.4891,Archaeoglobus sulfaticallidus,E
86,ast,Asulf_00228,K01999,livK,branched-chain amino acid transport system substrate-binding protein,0.0,0.0005,Archaeoglobus sulfaticallidus,NE
87,ast,Asulf_00229,K01997,livH,branched-chain amino acid transport system permease protein,0.0,0.0000 ,Archaeoglobus sulfaticallidus,NE
88,ast,Asulf_00230,K01998,livM,branched-chain amino acid transport system permease protein,0.0,0.0000 ,Archaeoglobus sulfaticallidus,NE
89,ast,Asulf_00231,K06861,lptB,lipopolysaccharide export system ATP-binding protein,0.3018,0.1430,Archaeoglobus sulfaticallidus,NE
90,ast,Asulf_00232,K01996,livF,branched-chain amino acid transport system ATP-binding protein,0.0,0.0002,Archaeoglobus sulfaticallidus,NE
91,ast,Asulf_00240,K15778,pmm-pgm,phosphomannomutase / phosphoglucomutase,0.1854,0.2408,Archaeoglobus sulfaticallidus,NE
92,ast,Asulf_00245,K14941,cofC,2-phospho-L-lactate guanylyltransferase,0.0,0.000,Archaeoglobus sulfaticallidus,NE
93,ast,Asulf_00260,K00425,cydA,cytochrome d ubiquinol oxidase subunit I,0.0184,0.0390,Archaeoglobus sulfaticallidus,NE
94,ast,Asulf_00261,K00425,cydA,cytochrome d ubiquinol oxidase subunit I,0.0184,0.0390,Archaeoglobus sulfaticallidus,NE
95,ast,Asulf_00268,K21672,ord,"2,4-diaminopentanoate dehydrogenase",0.0,0.0266,Archaeoglobus sulfaticallidus,NE
96,ast,Asulf_00269,K06001,trpB,tryptophan synthase beta chain,0.1561,0.0712,Archaeoglobus sulfaticallidus,NE
97,ast,Asulf_00270,K08295,abmG,2-aminobenzoate-CoA ligase,0.0,0.0211,Archaeoglobus sulfaticallidus,NE
98,ast,Asulf_00274,K01902,sucD,succinyl-CoA synthetase alpha subunit,0.0631,0.0742,Archaeoglobus sulfaticallidus,NE
99,ast,Asulf_00275,K01903,sucC,succinyl-CoA synthetase beta subunit,0.0322,0.0831,Archaeoglobus sulfaticallidus,NE
100,ast,Asulf_00276,K00252,"GCDH, gcdH",glutaryl-CoA dehydrogenase,0.0098,0.0096,Archaeoglobus sulfaticallidus,NE
101,ast,Asulf_00282,K06215,"pdxS, pdx1",pyridoxal 5-phosphate synthase pdxS subunit,0.0,0.0470,Archaeoglobus sulfaticallidus,E
102,ast,Asulf_00283,K08681,"pdxT, pdx2",5-phosphate synthase pdxT subunit,0.0,0.0470,Archaeoglobus sulfaticallidus,E
103,ast,Asulf_00285,K01493,comEB,dCMP deaminase,0.1422,0.1520,Archaeoglobus sulfaticallidus,NE
104,ast,Asulf_00286,K15986,ppaC,manganese-dependent inorganic pyrophosphatase,0.0882,0.0310,Archaeoglobus sulfaticallidus,NE
105,ast,Asulf_00288,K02683,"priS, pri1, priA",DNA primase small subunit,0.0,0.4564,Archaeoglobus sulfaticallidus,E
106,ast,Asulf_00290,K02929,"RP-L44e, RPL44",large subunit ribosomal protein L44e,0.0,0.2901,Archaeoglobus sulfaticallidus,E
107,ast,Asulf_00291,K02978,"RP-S27e, RPS27",small subunit ribosomal protein S27e,0.0,0.2901,Archaeoglobus sulfaticallidus,E
108,ast,Asulf_00294,K14232,tRNA-Pro,tRNA Pro,0.0,0.2024,Archaeoglobus sulfaticallidus,E
109,ast,Asulf_00302,K02275,coxB,cytochrome c oxidase subunit II,0.0,0.0171,Archaeoglobus sulfaticallidus,NE
110,ast,Asulf_00311,K01940,"argG, ASS1",argininosuccinate synthase,0.0584,0.1341,Archaeoglobus sulfaticallidus,NE
111,ast,Asulf_00315,K00175,"korB, oorB, oforB",2-oxoglutarate/2-oxoacid ferredoxin oxidoreductase subunit beta,0.7777,0.7464,Archaeoglobus sulfaticallidus,E
112,ast,Asulf_00316,K00174,"korA, oorA, oforA",2-oxoglutarate/2-oxoacid ferredoxin oxidoreductase subunit alpha,0.7777,0.7464,Archaeoglobus sulfaticallidus,E
113,ast,Asulf_00319,K00858,"ppnK, NADK",NAD+ kinase,0.5327,0.4578,Archaeoglobus sulfaticallidus,NE
114,ast,Asulf_00320,K01092,"E3.1.3.25, IMPA, suhB",myo-inositol-1(or 4)-monophosphatase,0.111,0.1479,Archaeoglobus sulfaticallidus,NE
115,ast,Asulf_00321,K00170,porB,pyruvate ferredoxin oxidoreductase beta subunit,0.7777,0.7448,Archaeoglobus sulfaticallidus,E
116,ast,Asulf_00322,K00169,porA,pyruvate ferredoxin oxidoreductase alpha subunit,0.7777,0.7448,Archaeoglobus sulfaticallidus,E
117,ast,Asulf_00323,K00171,porD,pyruvate ferredoxin oxidoreductase delta subunit,0.7777,0.5704,Archaeoglobus sulfaticallidus,E
118,ast,Asulf_00324,K00172,porG,pyruvate ferredoxin oxidoreductase gamma subunit,0.7777,0.5109,Archaeoglobus sulfaticallidus,E
119,ast,Asulf_00326,K13831,hps-phi,3-hexulose-6-phosphate synthase / 6-phospho-3-hexuloisomerase,0.0,0.0000 ,Archaeoglobus sulfaticallidus,NE
120,ast,Asulf_00327,K01883,"CARS, cysS",cysteinyl-tRNA synthetase,0.6601,0.3696,Archaeoglobus sulfaticallidus,E
121,ast,Asulf_00328,K06982,pok,pantoate kinase,0.0,0.1863,Archaeoglobus sulfaticallidus,E
122,ast,Asulf_00329,K13038,"coaBC, dfp",phosphopantothenoylcysteine decarboxylase / phosphopantothenate--cysteine ligase,0.4153,0.3095,Archaeoglobus sulfaticallidus,NE
123,ast,Asulf_00330,K00205,"fwdF, fmdF",4Fe-4S ferredoxin,0.0,0.0055,Archaeoglobus sulfaticallidus,NE
124,ast,Asulf_00331,K03388,hdrA,heterodisulfide reductase subunit A,0.0,0.0000 ,Archaeoglobus sulfaticallidus,NE
125,ast,Asulf_00332,K01079,"serB, PSPH",phosphoserine phosphatase,0.0631,0.1324,Archaeoglobus sulfaticallidus,NE
126,ast,Asulf_00333,K03136,"TFIIE1, GTF2E1, TFA1, tfe",transcription initiation factor TFIIE subunit alpha,0.0,,Archaeoglobus sulfaticallidus,NE
127,ast,Asulf_00334,K02316,dnaG,DNA primase,0.3877,0.2987,Archaeoglobus sulfaticallidus,NE
128,ast,Asulf_00337,K05606,"MCEE, epi",methylmalonyl-CoA/ethylmalonyl-CoA epimerase,0.0031,0.1112,Archaeoglobus sulfaticallidus,NE
129,ast,Asulf_00338,K02995,"RP-S8e, RPS8",small subunit ribosomal protein S8e,0.0,0.2901,Archaeoglobus sulfaticallidus,E
130,ast,Asulf_00339,K06863,purP,5-formaminoimidazole-4-carboxamide-1-(beta)-D-ribofuranosyl 5-monophosphate synthetase,0.1728,0.0586,Archaeoglobus sulfaticallidus,NE
131,ast,Asulf_00340,K09011,cimA,D-citramalate synthase,0.0,0.0389,Archaeoglobus sulfaticallidus,E
132,ast,Asulf_00343,K14235,tRNA-Trp,tRNA Trp,0.006,0.2024,Archaeoglobus sulfaticallidus,NE
133,ast,Asulf_00345,K14228,tRNA-Leu,tRNA Leu,0.006,0.2024,Archaeoglobus sulfaticallidus,NE
134,ast,Asulf_00349,K01866,"YARS, tyrS",tyrosyl-tRNA synthetase,0.6601,0.5571,Archaeoglobus sulfaticallidus,E
135,ast,Asulf_00350,K12960,mtaD,5-methylthioadenosine/S-adenosylhomocysteine deaminase,0.0,0.0141,Archaeoglobus sulfaticallidus,NE
136,ast,Asulf_00362,K07072,mfnF,(4-(4-[2-(gamma-L-glutamylamino)ethyl]phenoxymethyl)furan-2-yl)methanamine synthase,0.0,0.000,Archaeoglobus sulfaticallidus,NE
137,ast,Asulf_00363,K07144,mfnE,5-(aminomethyl)-3-furanmethanol phosphate kinase,0.0,0.000,Archaeoglobus sulfaticallidus,NE
138,ast,Asulf_00377,K02823,pyrDII,dihydroorotate dehydrogenase electron transfer subunit,0.0,0.1265,Archaeoglobus sulfaticallidus,E
139,ast,Asulf_00378,K17828,pyrDI,dihydroorotate dehydrogenase (NAD+) catalytic subunit,0.0959,0.1443,Archaeoglobus sulfaticallidus,NE
140,ast,Asulf_00381,K14231,tRNA-Phe,tRNA Phe,0.0,0.2024,Archaeoglobus sulfaticallidus,E
141,ast,Asulf_00382,K14237,tRNA-Val,tRNA Val,0.006,0.2024,Archaeoglobus sulfaticallidus,NE
142,ast,Asulf_00384,K00620,argJ,glutamate N-acetyltransferase / amino-acid N-acetyltransferase,0.1209,0.0773,Archaeoglobus sulfaticallidus,NE
143,ast,Asulf_00387,K02031,ABC.PE.A,peptide/nickel transport system ATP-binding protein,0.0,0.0004,Archaeoglobus sulfaticallidus,NE
144,ast,Asulf_00388,K02034,ABC.PE.P1,peptide/nickel transport system permease protein,0.0075,0.0026,Archaeoglobus sulfaticallidus,NE
145,ast,Asulf_00389,K02033,ABC.PE.P,peptide/nickel transport system permease protein,0.0016,0.0026,Archaeoglobus sulfaticallidus,NE
146,ast,Asulf_00390,K02035,ABC.PE.S,peptide/nickel transport system substrate-binding protein,0.0016,0.0015,Archaeoglobus sulfaticallidus,NE
147,ast,Asulf_00412,K00031,"IDH1, IDH2, icd",isocitrate dehydrogenase,0.1443,0.2055,Archaeoglobus sulfaticallidus,NE
148,ast,Asulf_00414,K06863,purP,5-formaminoimidazole-4-carboxamide-1-(beta)-D-ribofuranosyl 5-monophosphate synthetase,0.1728,0.0586,Archaeoglobus sulfaticallidus,NE
149,ast,Asulf_00416,K01955,"carB, CPA2",carbamoyl-phosphate synthase large subunit,0.4583,0.4389,Archaeoglobus sulfaticallidus,NE
150,ast,Asulf_00417,K01956,"carA, CPA1",carbamoyl-phosphate synthase small subunit,0.4583,0.4389,Archaeoglobus sulfaticallidus,NE
151,ast,Asulf_00418,K01923,purC,phosphoribosylaminoimidazole-succinocarboxamide synthase,0.0544,0.0920,Archaeoglobus sulfaticallidus,NE
152,ast,Asulf_00420,K02013,ABC.FEV.A,iron complex transport system ATP-binding protein,0.0399,0.0544,Archaeoglobus sulfaticallidus,NE
153,ast,Asulf_00421,K11261,"fwdE, fmdE",formylmethanofuran dehydrogenase subunit E,0.0,0.0000 ,Archaeoglobus sulfaticallidus,NE
154,ast,Asulf_00422,K00205,"fwdF, fmdF",4Fe-4S ferredoxin,0.0,0.0055,Archaeoglobus sulfaticallidus,NE
155,ast,Asulf_00424,K00027,"ME2, sfcA, maeA",malate dehydrogenase (oxaloacetate-decarboxylating),0.0016,0.0078,Archaeoglobus sulfaticallidus,NE
156,ast,Asulf_00426,K02501,hisH,glutamine amidotransferase,0.0606,0.0888,Archaeoglobus sulfaticallidus,NE
157,ast,Asulf_00429,K02036,pstB,phosphate transport system ATP-binding protein,0.0103,0.0272,Archaeoglobus sulfaticallidus,NE
158,ast,Asulf_00430,K02038,pstA,phosphate transport system permease protein,0.0184,0.0317,Archaeoglobus sulfaticallidus,NE
159,ast,Asulf_00431,K02037,pstC,phosphate transport system permease protein,0.0099,0.0317,Archaeoglobus sulfaticallidus,NE
160,ast,Asulf_00432,K02040,pstS,phosphate transport system substrate-binding protein,0.0099,0.0481,Archaeoglobus sulfaticallidus,NE
161,ast,Asulf_00435,K00772,"mtaP, MTAP",5-methylthioadenosine phosphorylase,0.0,0.0207,Archaeoglobus sulfaticallidus,NE
162,ast,Asulf_00438,K17104,E2.5.1.41,phosphoglycerol geranylgeranyltransferase,0.0,0.0333,Archaeoglobus sulfaticallidus,E
163,ast,Asulf_00439,K17105,E2.5.1.42,geranylgeranylglycerol-phosphate geranylgeranyltransferase,0.0,0.0826,Archaeoglobus sulfaticallidus,E
164,ast,Asulf_00447,K03330,gatE,glutamyl-tRNA(Gln) amidotransferase subunit E,0.5211,0.3506,Archaeoglobus sulfaticallidus,NE
165,ast,Asulf_00464,K15635,apgM,"2,3-bisphosphoglycerate-independent phosphoglycerate mutase",0.5281,0.4225,Archaeoglobus sulfaticallidus,NE
166,ast,Asulf_00466,K00320,mer,"5,10-methylenetetrahydromethanopterin reductase",0.0,0.0000 ,Archaeoglobus sulfaticallidus,NE
167,ast,Asulf_00468,K01434,E3.5.1.11,penicillin amidase,0.0,0.0012,Archaeoglobus sulfaticallidus,NE
168,ast,Asulf_00470,K01687,ilvD,dihydroxy-acid dehydratase,0.0429,0.0806,Archaeoglobus sulfaticallidus,NE
169,ast,Asulf_00477,K00626,"E2.3.1.9, atoB",acetyl-CoA C-acetyltransferase,0.0206,0.0393,Archaeoglobus sulfaticallidus,NE
170,ast,Asulf_00483,K01912,paaK,phenylacetate-CoA ligase,0.0,0.0000 ,Archaeoglobus sulfaticallidus,NE
171,ast,Asulf_00493,K01756,"purB, ADSL",adenylosuccinate lyase,0.266,0.2990,Archaeoglobus sulfaticallidus,NE
172,ast,Asulf_00495,K03636,"moaD, cysO",sulfur-carrier protein,0.0,0.0140,Archaeoglobus sulfaticallidus,NE
173,ast,Asulf_00496,K03405,"chlI, bchI",magnesium chelatase subunit I,0.0035,0.0300,Archaeoglobus sulfaticallidus,NE
174,ast,Asulf_00498,K01439,dapE,succinyl-diaminopimelate desuccinylase,0.3579,0.1038,Archaeoglobus sulfaticallidus,NE
175,ast,Asulf_00500,K02523,ispB,octaprenyl-diphosphate synthase,0.3018,0.2081,Archaeoglobus sulfaticallidus,NE
176,ast,Asulf_00506,K15888,"uppS, cpdS","tritrans,polycis-undecaprenyl-diphosphate synthase [geranylgeranyl-diphosphate specific]",0.0,0.1555,Archaeoglobus sulfaticallidus,E
177,ast,Asulf_00507,K03265,"ETF1, ERF1",peptide chain release factor subunit 1,0.0,,Archaeoglobus sulfaticallidus,NE
178,ast,Asulf_00508,K01887,"RARS, argS",arginyl-tRNA synthetase,0.58,0.5082,Archaeoglobus sulfaticallidus,NE
179,ast,Asulf_00509,K01848,"E5.4.99.2A, mcmA1","methylmalonyl-CoA mutase, N-terminal domain",0.008,0.1113,Archaeoglobus sulfaticallidus,NE
180,ast,Asulf_00513,K05606,"MCEE, epi",methylmalonyl-CoA/ethylmalonyl-CoA epimerase,0.0031,0.1112,Archaeoglobus sulfaticallidus,NE
181,ast,Asulf_00514,K01849,"E5.4.99.2B, mcmA2","methylmalonyl-CoA mutase, C-terminal domain",0.008,0.1113,Archaeoglobus sulfaticallidus,NE
182,ast,Asulf_00516,K01719,"hemD, UROS",uroporphyrinogen-III synthase,0.3727,0.2247,Archaeoglobus sulfaticallidus,NE
183,ast,Asulf_00517,K01007,"pps, ppsA","pyruvate, water dikinase",0.4013,0.4084,Archaeoglobus sulfaticallidus,NE
184,ast,Asulf_00520,K01703,"leuC, IPMI-L",3-isopropylmalate/(R)-2-methylmalate dehydratase large subunit,0.0463,0.0763,Archaeoglobus sulfaticallidus,NE
185,ast,Asulf_00523,K02434,"gatB, PET112",aspartyl-tRNA(Asn)/glutamyl-tRNA(Gln) amidotransferase subunit B,0.5916,0.4150,Archaeoglobus sulfaticallidus,NE
186,ast,Asulf_00533,K01885,"EARS, gltX",glutamyl-tRNA synthetase,0.6626,0.5645,Archaeoglobus sulfaticallidus,E
187,ast,Asulf_00534,K13787,idsA,"geranylgeranyl diphosphate synthase, type I",0.3298,0.2081,Archaeoglobus sulfaticallidus,NE
188,ast,Asulf_00535,K01823,"idi, IDI",isopentenyl-diphosphate Delta-isomerase,0.1465,0.1748,Archaeoglobus sulfaticallidus,NE
189,ast,Asulf_00536,K06981,ipk,isopentenyl phosphate kinase,0.0,0.1352,Archaeoglobus sulfaticallidus,E
190,ast,Asulf_00537,K00869,"E2.7.1.36, MVK, mvaK1",mevalonate kinase,0.0825,0.0155,Archaeoglobus sulfaticallidus,NE
191,ast,Asulf_00540,K01807,rpiA,ribose 5-phosphate isomerase A,0.6496,0.7260,Archaeoglobus sulfaticallidus,E
192,ast,Asulf_00544,K06857,"tupC, vupC",tungstate transport system ATP-binding protein,0.0,0.0143,Archaeoglobus sulfaticallidus,NE
193,ast,Asulf_00545,K05773,"tupB, vupB",tungstate transport system permease protein,0.0,0.0053,Archaeoglobus sulfaticallidus,NE
194,ast,Asulf_00546,K05772,"tupA, vupA",tungstate transport system substrate-binding protein,0.006,0.0062,Archaeoglobus sulfaticallidus,NE
195,ast,Asulf_00548,K22011,,,,,Archaeoglobus sulfaticallidus,NE
196,ast,Asulf_00549,K03399,cbiE,cobalt-precorrin-7 (C5)-methyltransferase,0.0,0.0280,Archaeoglobus sulfaticallidus,NE
197,ast,Asulf_00550,K02188,cbiD,cobalt-precorrin-5B (C1)-methyltransferase,0.0024,0.0310,Archaeoglobus sulfaticallidus,NE
198,ast,Asulf_00551,K06042,cobH-cbiC,precorrin-8X/cobalt-precorrin-8 methylmutase,0.0026,0.0308,Archaeoglobus sulfaticallidus,NE
199,ast,Asulf_00553,K02189,cbiG,cobalt-precorrin 5A hydrolase,0.0026,0.0308,Archaeoglobus sulfaticallidus,NE
200,ast,Asulf_00554,K05936,"cobM, cbiF",precorrin-4/cobalt-precorrin-4 C11-methyltransferase,0.0024,0.0310,Archaeoglobus sulfaticallidus,NE
201,ast,Asulf_00557,K17488,mptA,GTP cyclohydrolase IV,0.0,0.1626,Archaeoglobus sulfaticallidus,E
202,ast,Asulf_00559,K02492,hemA,glutamyl-tRNA reductase,0.2206,0.1199,Archaeoglobus sulfaticallidus,NE
203,ast,Asulf_00560,K01698,"hemB, ALAD",porphobilinogen synthase,0.3579,0.2014,Archaeoglobus sulfaticallidus,NE
204,ast,Asulf_00561,K01845,hemL,"glutamate-1-semialdehyde 2,1-aminomutase",0.1623,0.1170,Archaeoglobus sulfaticallidus,NE
205,ast,Asulf_00562,K01749,"hemC, HMBS",hydroxymethylbilane synthase,0.4471,0.2333,Archaeoglobus sulfaticallidus,NE
206,ast,Asulf_00563,K02303,cobA,uroporphyrin-III C-methyltransferase,0.018,0.0406,Archaeoglobus sulfaticallidus,NE
207,ast,Asulf_00564,K19712,cobY,adenosylcobinamide-phosphate guanylyltransferase,0.008,0.0285,Archaeoglobus sulfaticallidus,NE
208,ast,Asulf_00565,K02233,"E2.7.8.26, cobS, cobV",adenosylcobinamide-GDP ribazoletransferase,0.0016,0.0326,Archaeoglobus sulfaticallidus,NE
209,ast,Asulf_00566,K02227,"cbiB, cobD",adenosylcobinamide-phosphate synthase,0.0018,0.0321,Archaeoglobus sulfaticallidus,NE
210,ast,Asulf_00569,K01889,"FARSA, pheS",phenylalanyl-tRNA synthetase alpha chain,0.6601,0.5571,Archaeoglobus sulfaticallidus,E
211,ast,Asulf_00570,K01890,"FARSB, pheT",phenylalanyl-tRNA synthetase beta chain,0.7119,0.5803,Archaeoglobus sulfaticallidus,E
212,ast,Asulf_00572,K02889,"RP-L21e, RPL21",large subunit ribosomal protein L21e,0.0,0.2901,Archaeoglobus sulfaticallidus,E
213,ast,Asulf_00573,K03051,rpoF,DNA-directed RNA polymerase subunit F,0.8098,0.8186,Archaeoglobus sulfaticallidus,E
214,ast,Asulf_00577,K01784,"galE, GALE",UDP-glucose 4-epimerase,0.0526,0.0568,Archaeoglobus sulfaticallidus,NE
215,ast,Asulf_00585,K03738,aor,aldehyde:ferredoxin oxidoreductase,0.0,0.0113,Archaeoglobus sulfaticallidus,NE
216,ast,Asulf_00589,K15635,apgM,"2,3-bisphosphoglycerate-independent phosphoglycerate mutase",0.5281,0.4225,Archaeoglobus sulfaticallidus,NE
217,ast,Asulf_00591,K00930,argB,acetylglutamate kinase,0.0463,0.0630,Archaeoglobus sulfaticallidus,NE
218,ast,Asulf_00600,K00584,mtrH,tetrahydromethanopterin S-methyltransferase subunit H,0.0,0.0000 ,Archaeoglobus sulfaticallidus,NE
219,ast,Asulf_00604,K01895,"ACSS, acs",acetyl-CoA synthetase,0.0111,0.0269,Archaeoglobus sulfaticallidus,NE
220,ast,Asulf_00609,K02342,"DPO3E, dnaQ",DNA polymerase III subunit epsilon,0.8212,0.6494,Archaeoglobus sulfaticallidus,E
221,ast,Asulf_00610,K02304,MET8,precorrin-2 dehydrogenase / sirohydrochlorin ferrochelatase,0.0127,0.0329,Archaeoglobus sulfaticallidus,NE
222,ast,Asulf_00613,K14232,tRNA-Pro,tRNA Pro,0.0,0.2024,Archaeoglobus sulfaticallidus,E
223,ast,Asulf_00614,K02322,"DPB1, polD2",DNA polymerase II large subunit,0.8098,0.8032,Archaeoglobus sulfaticallidus,E
224,ast,Asulf_00622,K02952,"RP-S13, rpsM",small subunit ribosomal protein S13,0.6103,0.6427,Archaeoglobus sulfaticallidus,E
225,ast,Asulf_00623,K02986,"RP-S4, rpsD",small subunit ribosomal protein S4,0.7119,0.6883,Archaeoglobus sulfaticallidus,E
226,ast,Asulf_00624,K02948,"RP-S11, MRPS11, rpsK",small subunit ribosomal protein S11,0.7119,0.6883,Archaeoglobus sulfaticallidus,E
227,ast,Asulf_00625,K03047,rpoD,DNA-directed RNA polymerase subunit D,0.8098,0.8488,Archaeoglobus sulfaticallidus,E
228,ast,Asulf_00628,K02883,"RP-L18e, RPL18",large subunit ribosomal protein L18e,0.0,0.2901,Archaeoglobus sulfaticallidus,E
229,ast,Asulf_00629,K02871,"RP-L13, MRPL13, rplM",large subunit ribosomal protein L13,0.7119,0.6883,Archaeoglobus sulfaticallidus,E
230,ast,Asulf_00630,K02996,"RP-S9, MRPS9, rpsI",small subunit ribosomal protein S9,0.5166,0.6003,Archaeoglobus sulfaticallidus,NE
231,ast,Asulf_00631,K14232,tRNA-Pro,tRNA Pro,0.0,0.2024,Archaeoglobus sulfaticallidus,E
232,ast,Asulf_00632,K03055,rpoK,DNA-directed RNA polymerase subunit K,0.8098,0.8249,Archaeoglobus sulfaticallidus,E
233,ast,Asulf_00633,K01689,"ENO, eno",enolase,0.4306,0.5736,Archaeoglobus sulfaticallidus,NE
234,ast,Asulf_00634,K02967,"RP-S2, MRPS2, rpsB",small subunit ribosomal protein S2,0.444,0.5564,Archaeoglobus sulfaticallidus,NE
235,ast,Asulf_00639,K00104,glcD,glycolate oxidase,0.0085,0.0055,Archaeoglobus sulfaticallidus,NE
236,ast,Asulf_00640,K11473,glcF,glycolate oxidase iron-sulfur subunit,0.0098,0.0044,Archaeoglobus sulfaticallidus,NE
237,ast,Asulf_00645,K01609,trpC,indole-3-glycerol phosphate synthase,0.0579,0.0881,Archaeoglobus sulfaticallidus,NE
238,ast,Asulf_00646,K00766,trpD,anthranilate phosphoribosyltransferase,0.0503,0.0927,Archaeoglobus sulfaticallidus,NE
239,ast,Asulf_00647,K01657,trpE,anthranilate synthase component I,0.0429,0.0698,Archaeoglobus sulfaticallidus,NE
240,ast,Asulf_00648,K01658,trpG,anthranilate synthase component II,0.0482,0.0712,Archaeoglobus sulfaticallidus,NE
241,ast,Asulf_00649,K01817,trpF,phosphoribosylanthranilate isomerase,0.0472,0.0773,Archaeoglobus sulfaticallidus,NE
242,ast,Asulf_00650,K01696,trpB,tryptophan synthase beta chain,0.0606,0.0979,Archaeoglobus sulfaticallidus,NE
243,ast,Asulf_00651,K01695,trpA,tryptophan synthase alpha chain,0.0606,0.0979,Archaeoglobus sulfaticallidus,NE
244,ast,Asulf_00653,K01892,"HARS, hisS",histidyl-tRNA synthetase,0.6103,0.5347,Archaeoglobus sulfaticallidus,E
245,ast,Asulf_00654,K04800,rfcL,replication factor C large subunit,0.0,0.5772,Archaeoglobus sulfaticallidus,E
246,ast,Asulf_00664,K06984,K06984,beta-ribofuranosylaminobenzene 5-phosphate synthase,0.0,0.0063,Archaeoglobus sulfaticallidus,NE
247,ast,Asulf_00678,K01873,"VARS, valS",valyl-tRNA synthetase,0.6601,0.5571,Archaeoglobus sulfaticallidus,E
248,ast,Asulf_00686,K00215,dapB,4-hydroxy-tetrahydrodipicolinate reductase,0.5376,0.5651,Archaeoglobus sulfaticallidus,NE
249,ast,Asulf_00687,K01714,dapA,4-hydroxy-tetrahydrodipicolinate synthase,0.4899,0.3442,Archaeoglobus sulfaticallidus,NE
250,ast,Asulf_00688,K02962,"RP-S17e, RPS17",small subunit ribosomal protein S17e,0.0,0.2901,Archaeoglobus sulfaticallidus,E
251,ast,Asulf_00690,K03120,"TBP, tbp",transcription initiation factor TFIID TATA-box-binding protein,0.0,0.0203,Archaeoglobus sulfaticallidus,NE
252,ast,Asulf_00694,K02946,"RP-S10, MRPS10, rpsJ",small subunit ribosomal protein S10,0.4873,0.5756,Archaeoglobus sulfaticallidus,NE
253,ast,Asulf_00697,K02992,"RP-S7, MRPS7, rpsG",small subunit ribosomal protein S7,0.7119,0.6883,Archaeoglobus sulfaticallidus,E
254,ast,Asulf_00698,K02950,"RP-S12, MRPS12, rpsL",small subunit ribosomal protein S12,0.5625,0.6211,Archaeoglobus sulfaticallidus,NE
255,ast,Asulf_00700,K02908,"RP-L30e, RPL30",large subunit ribosomal protein L30e,0.0,0.2901,Archaeoglobus sulfaticallidus,E
256,ast,Asulf_00701,K03042,rpoA2,DNA-directed RNA polymerase subunit A,0.8098,0.8387,Archaeoglobus sulfaticallidus,E
257,ast,Asulf_00702,K03041,rpoA1,DNA-directed RNA polymerase subunit A,0.8098,0.8387,Archaeoglobus sulfaticallidus,E
258,ast,Asulf_00703,K03044,rpoB1,DNA-directed RNA polymerase subunit B,0.8098,0.8359,Archaeoglobus sulfaticallidus,E
259,ast,Asulf_00704,K03045,rpoB2,DNA-directed RNA polymerase subunit B,0.8098,0.8359,Archaeoglobus sulfaticallidus,E
260,ast,Asulf_00705,K03053,rpoH,DNA-directed RNA polymerase subunit H,0.8098,0.8186,Archaeoglobus sulfaticallidus,E
261,ast,Asulf_00706,K14229,tRNA-Lys,tRNA Lys,0.006,0.2024,Archaeoglobus sulfaticallidus,NE
262,ast,Asulf_00712,K00939,"adk, AK",adenylate kinase,0.8789,0.7609,Archaeoglobus sulfaticallidus,E
263,ast,Asulf_00715,K01960,pycB,pyruvate carboxylase subunit B,0.1146,0.0445,Archaeoglobus sulfaticallidus,NE
264,ast,Asulf_00717,K00788,thiE,thiamine-phosphate pyrophosphorylase,0.1443,0.1297,Archaeoglobus sulfaticallidus,NE
265,ast,Asulf_00720,K01977,"16SrRNA, rrs",16S ribosomal RNA,0.0,0.3104,Archaeoglobus sulfaticallidus,E
266,ast,Asulf_00721,K14218,tRNA-Ala,tRNA Ala,0.006,0.2024,Archaeoglobus sulfaticallidus,NE
267,ast,Asulf_00722,K01980,"23SrRNA, rrl",23S ribosomal RNA,0.0,0.3104,Archaeoglobus sulfaticallidus,E
268,ast,Asulf_00725,K01858,"INO1, ISYNA1",myo-inositol-1-phosphate synthase,0.008,0.0008,Archaeoglobus sulfaticallidus,NE
269,ast,Asulf_00727,K01641,E2.3.3.10,hydroxymethylglutaryl-CoA synthase,0.0825,0.0134,Archaeoglobus sulfaticallidus,NE
270,ast,Asulf_00728,K00626,"E2.3.1.9, atoB",acetyl-CoA C-acetyltransferase,0.0206,0.0393,Archaeoglobus sulfaticallidus,NE
271,ast,Asulf_00733,K09733,mfnB,(5-formylfuran-3-yl)methyl phosphate synthase,0.0,0.000,Archaeoglobus sulfaticallidus,NE
272,ast,Asulf_00734,K01814,hisA,phosphoribosylformimino-5-aminoimidazole carboxamide ribotide isomerase,0.0445,0.0799,Archaeoglobus sulfaticallidus,NE
273,ast,Asulf_00735,K00948,"PRPS, prsA",ribose-phosphate pyrophosphokinase,0.7656,0.8943,Archaeoglobus sulfaticallidus,E
274,ast,Asulf_00736,K01693,hisB,imidazoleglycerol-phosphate dehydratase,0.068,0.0662,Archaeoglobus sulfaticallidus,NE
275,ast,Asulf_00737,K01814,hisA,phosphoribosylformimino-5-aminoimidazole carboxamide ribotide isomerase,0.0445,0.0799,Archaeoglobus sulfaticallidus,NE
276,ast,Asulf_00738,K03420,psmR,proteasome regulatory subunit,0.0,0.0000 ,Archaeoglobus sulfaticallidus,NE
277,ast,Asulf_00740,K14233,tRNA-Ser,tRNA Ser,0.0,0.2024,Archaeoglobus sulfaticallidus,E
278,ast,Asulf_00747,K03056,rpoL,DNA-directed RNA polymerase subunit L,0.8098,0.8186,Archaeoglobus sulfaticallidus,E
279,ast,Asulf_00748,K07573,"CSL4, EXOSC1",exosome complex component CSL4,0.0,0.0305,Archaeoglobus sulfaticallidus,E
280,ast,Asulf_00752,K00672,ftr,formylmethanofuran--tetrahydromethanopterin N-formyltransferase,0.0,0.0000 ,Archaeoglobus sulfaticallidus,NE
281,ast,Asulf_00760,K00058,"serA, PHGDH",D-3-phosphoglycerate dehydrogenase / 2-oxoglutarate reductase,0.1073,0.1203,Archaeoglobus sulfaticallidus,NE
282,ast,Asulf_00771,K14654,"RIB7, arfC","2,5-diamino-6-(ribosylamino)-4(3H)-pyrimidinone 5-phosphate reductase",0.0,0.2304,Archaeoglobus sulfaticallidus,E
283,ast,Asulf_00772,K03179,ubiA,4-hydroxybenzoate polyprenyltransferase,0.2743,0.0958,Archaeoglobus sulfaticallidus,NE
284,ast,Asulf_00775,K14219,tRNA-Arg,tRNA Arg,0.0,0.2024,Archaeoglobus sulfaticallidus,E
285,ast,Asulf_00776,K00602,purH,phosphoribosylaminoimidazolecarboxamide formyltransferase / IMP cyclohydrolase,0.3103,0.3691,Archaeoglobus sulfaticallidus,NE
286,ast,Asulf_00777,K14219,tRNA-Arg,tRNA Arg,0.0,0.2024,Archaeoglobus sulfaticallidus,E
287,ast,Asulf_00785,K01895,"ACSS, acs",acetyl-CoA synthetase,0.0111,0.0269,Archaeoglobus sulfaticallidus,NE
288,ast,Asulf_00787,K01438,argE,acetylornithine deacetylase,0.0579,0.0640,Archaeoglobus sulfaticallidus,NE
289,ast,Asulf_00792,K00201,"fwdB, fmdB",formylmethanofuran dehydrogenase subunit B,0.0,0.0000 ,Archaeoglobus sulfaticallidus,NE
290,ast,Asulf_00793,K11260,fwdG,4Fe-4S ferredoxin,0.0,0.0055,Archaeoglobus sulfaticallidus,NE
291,ast,Asulf_00794,K01951,"guaA, GMPS",GMP synthase (glutamine-hydrolysing),0.4583,0.4623,Archaeoglobus sulfaticallidus,NE
292,ast,Asulf_00795,K01937,"pyrG, CTPS",CTP synthase,0.7895,0.5413,Archaeoglobus sulfaticallidus,E
293,ast,Asulf_00799,K14233,tRNA-Ser,tRNA Ser,0.0,0.2024,Archaeoglobus sulfaticallidus,E
294,ast,Asulf_00801,K14228,tRNA-Leu,tRNA Leu,0.006,0.2024,Archaeoglobus sulfaticallidus,NE
295,ast,Asulf_00808,K03750,moeA,molybdopterin molybdotransferase,0.0051,0.1550,Archaeoglobus sulfaticallidus,NE
296,ast,Asulf_00809,K03750,moeA,molybdopterin molybdotransferase,0.0051,0.1550,Archaeoglobus sulfaticallidus,NE
297,ast,Asulf_00817,K07142,mptE,2-amino-4-hydroxy-6-hydroxymethyldihydropteridine diphosphokinase,0.0,0.0063,Archaeoglobus sulfaticallidus,NE
298,ast,Asulf_00818,K01870,"IARS, ileS",isoleucyl-tRNA synthetase,0.7341,0.5753,Archaeoglobus sulfaticallidus,E
299,ast,Asulf_00822,K18933,"mfnA, adc",tyrosine decarboxylase / aspartate 1-decarboxylase,0.2665,0.0947,Archaeoglobus sulfaticallidus,NE
300,ast,Asulf_00834,K02614,paaI,acyl-CoA thioesterase,0.0,0.0018,Archaeoglobus sulfaticallidus,NE
301,ast,Asulf_00839,K14237,tRNA-Val,tRNA Val,0.006,0.2024,Archaeoglobus sulfaticallidus,NE
302,ast,Asulf_00853,K14230,tRNA-Met,tRNA Met,0.0,0.2024,Archaeoglobus sulfaticallidus,E
303,ast,Asulf_00855,K03105,SRP19,signal recognition particle subunit SRP19,0.0,0.0603,Archaeoglobus sulfaticallidus,E
304,ast,Asulf_00858,K01951,"guaA, GMPS",GMP synthase (glutamine-hydrolysing),0.4583,0.4623,Archaeoglobus sulfaticallidus,NE
305,ast,Asulf_00859,K07281,ipct,1L-myo-inositol 1-phosphate cytidylyltransferase,0.0,0.0025,Archaeoglobus sulfaticallidus,NE
306,ast,Asulf_00860,K00800,aroA,3-phosphoshikimate 1-carboxyvinyltransferase,0.1299,0.1579,Archaeoglobus sulfaticallidus,NE
307,ast,Asulf_00861,K01736,aroC,chorismate synthase,0.1496,0.1733,Archaeoglobus sulfaticallidus,NE
308,ast,Asulf_00864,K01611,"speD, AMD1",S-adenosylmethionine decarboxylase,0.0,0.0000 ,Archaeoglobus sulfaticallidus,NE
309,ast,Asulf_00869,K00995,"pgsA, PGS1",CDP-diacylglycerol--glycerol-3-phosphate 3-phosphatidyltransferase,0.5261,0.1601,Archaeoglobus sulfaticallidus,NE
310,ast,Asulf_00873,K14656,ribL,FAD synthetase,0.6172,0.2337,Archaeoglobus sulfaticallidus,E
311,ast,Asulf_00878,K03117,tatB,sec-independent protein translocase protein TatB,0.0131,0.0739,Archaeoglobus sulfaticallidus,NE
312,ast,Asulf_00879,K00170,porB,pyruvate ferredoxin oxidoreductase beta subunit,0.7777,0.7448,Archaeoglobus sulfaticallidus,E
313,ast,Asulf_00881,K00172,porG,pyruvate ferredoxin oxidoreductase gamma subunit,0.7777,0.5109,Archaeoglobus sulfaticallidus,E
314,ast,Asulf_00885,K00239,"sdhA, frdA","succinate dehydrogenase / fumarate reductase, flavoprotein subunit",0.2684,0.2219,Archaeoglobus sulfaticallidus,NE
315,ast,Asulf_00889,K01644,citE,citrate lyase subunit beta / citryl-CoA lyase,0.0085,0.0032,Archaeoglobus sulfaticallidus,NE
316,ast,Asulf_00890,K01902,sucD,succinyl-CoA synthetase alpha subunit,0.0631,0.0742,Archaeoglobus sulfaticallidus,NE
317,ast,Asulf_00892,K01903,sucC,succinyl-CoA synthetase beta subunit,0.0322,0.0831,Archaeoglobus sulfaticallidus,NE
318,ast,Asulf_00901,K14226,tRNA-His,tRNA His,0.0,0.2024,Archaeoglobus sulfaticallidus,E
319,ast,Asulf_00902,K00927,"PGK, pgk",phosphoglycerate kinase,0.3906,0.5214,Archaeoglobus sulfaticallidus,NE
320,ast,Asulf_00904,K00133,asd,aspartate-semialdehyde dehydrogenase,0.4295,0.3677,Archaeoglobus sulfaticallidus,NE
321,ast,Asulf_00908,K01895,"ACSS, acs",acetyl-CoA synthetase,0.0111,0.0269,Archaeoglobus sulfaticallidus,NE
322,ast,Asulf_00913,K14236,tRNA-Tyr,tRNA Tyr,0.0,0.2024,Archaeoglobus sulfaticallidus,E
323,ast,Asulf_00915,K11181,dsrB,dissimilatory sulfite reductase beta subunit,0.0825,0.0184,Archaeoglobus sulfaticallidus,NE
324,ast,Asulf_00916,K11180,dsrA,dissimilatory sulfite reductase alpha subunit,0.0825,0.0184,Archaeoglobus sulfaticallidus,NE
325,ast,Asulf_00917,K02303,cobA,uroporphyrin-III C-methyltransferase,0.018,0.0406,Archaeoglobus sulfaticallidus,NE
326,ast,Asulf_00918,K01868,"TARS, thrS",threonyl-tRNA synthetase,0.6103,0.5347,Archaeoglobus sulfaticallidus,E
327,ast,Asulf_00921,K02016,ABC.FEV.S,iron complex transport system substrate-binding protein,0.0044,0.0127,Archaeoglobus sulfaticallidus,NE
328,ast,Asulf_00925,K02031,ABC.PE.A,peptide/nickel transport system ATP-binding protein,0.0,0.0004,Archaeoglobus sulfaticallidus,NE
329,ast,Asulf_00927,K02034,ABC.PE.P1,peptide/nickel transport system permease protein,0.0075,0.0026,Archaeoglobus sulfaticallidus,NE
330,ast,Asulf_00928,K02033,ABC.PE.P,peptide/nickel transport system permease protein,0.0016,0.0026,Archaeoglobus sulfaticallidus,NE
331,ast,Asulf_00933,K04751,glnB,nitrogen regulatory protein P-II 1,0.0152,0.0102,Archaeoglobus sulfaticallidus,NE
332,ast,Asulf_00935,K08260,cbiZ,adenosylcobinamide hydrolase,0.008,0.0285,Archaeoglobus sulfaticallidus,NE
333,ast,Asulf_00936,K02013,ABC.FEV.A,iron complex transport system ATP-binding protein,0.0399,0.0544,Archaeoglobus sulfaticallidus,NE
334,ast,Asulf_00937,K02015,ABC.FEV.P,iron complex transport system permease protein,0.0184,0.0354,Archaeoglobus sulfaticallidus,NE
335,ast,Asulf_00940,K01939,"purA, ADSS",adenylosuccinate synthase,0.1496,0.2426,Archaeoglobus sulfaticallidus,NE
336,ast,Asulf_00941,K16306,K16306,"fructose-bisphosphate aldolase / 2-amino-3,7-dideoxy-D-threo-hept-6-ulosonate synthase",0.6172,0.4303,Archaeoglobus sulfaticallidus,E
337,ast,Asulf_00942,K14223,tRNA-Gln,tRNA Gln,0.0,0.2024,Archaeoglobus sulfaticallidus,E
338,ast,Asulf_00973,K01874,"MARS, metG",methionyl-tRNA synthetase,0.3906,0.3932,Archaeoglobus sulfaticallidus,NE
339,ast,Asulf_00974,K08094,hxlB,6-phospho-3-hexuloisomerase,0.0,0.0000 ,Archaeoglobus sulfaticallidus,NE
340,ast,Asulf_00975,K14170,pheA,chorismate mutase / prephenate dehydratase,0.1083,0.1017,Archaeoglobus sulfaticallidus,NE
341,ast,Asulf_00976,K03785,aroD,3-dehydroquinate dehydratase I,0.1532,0.1315,Archaeoglobus sulfaticallidus,NE
342,ast,Asulf_00977,K11646,K11646,3-dehydroquinate synthase II,0.0,0.0245,Archaeoglobus sulfaticallidus,NE
343,ast,Asulf_00978,K11645,fbaB,"fructose-bisphosphate aldolase, class I",0.568,0.4639,Archaeoglobus sulfaticallidus,NE
344,ast,Asulf_00979,K11785,mqnD,"1,4-dihydroxy-6-naphthoate synthase",0.0,0.0464,Archaeoglobus sulfaticallidus,E
345,ast,Asulf_00980,K03146,"THI4, THI1",thiamine thiazole synthase,0.0,0.0811,Archaeoglobus sulfaticallidus,E
346,ast,Asulf_00986,K07466,"RFA1, RPA1, rpa",replication factor A1,0.0,,Archaeoglobus sulfaticallidus,NE
347,ast,Asulf_00988,K00812,aspB,aspartate aminotransferase,0.2316,0.1300,Archaeoglobus sulfaticallidus,NE
348,ast,Asulf_00995,K21929,udg,uracil-DNA glycosylase,0.0,0.0182,Archaeoglobus sulfaticallidus,NE
349,ast,Asulf_00998,K01755,"argH, ASL",argininosuccinate lyase,0.1192,0.1646,Archaeoglobus sulfaticallidus,NE
350,ast,Asulf_00999,K09482,gatD,glutamyl-tRNA(Gln) amidotransferase subunit D,0.5211,0.3173,Archaeoglobus sulfaticallidus,NE
351,ast,Asulf_01008,K02956,"RP-S15, MRPS15, rpsO",small subunit ribosomal protein S15,0.291,0.4866,Archaeoglobus sulfaticallidus,NE
352,ast,Asulf_01010,K01496,hisI,phosphoribosyl-AMP cyclohydrolase,0.0824,0.0618,Archaeoglobus sulfaticallidus,NE
353,ast,Asulf_01013,K03635,"MOCS2B, moaE",molybdopterin synthase catalytic subunit,0.0115,0.0336,Archaeoglobus sulfaticallidus,NE
354,ast,Asulf_01016,K02257,COX10,protoheme IX farnesyltransferase,0.0286,0.0140,Archaeoglobus sulfaticallidus,NE
355,ast,Asulf_01018,K00852,"rbsK, RBKS",ribokinase,0.0015,0.0048,Archaeoglobus sulfaticallidus,NE
356,ast,Asulf_01022,K01520,"dut, DUT",dUTP pyrophosphatase,0.3727,0.3207,Archaeoglobus sulfaticallidus,NE
357,ast,Asulf_01029,K14233,tRNA-Ser,tRNA Ser,0.0,0.2024,Archaeoglobus sulfaticallidus,E
358,ast,Asulf_01031,K21029,moeB,molybdopterin-synthase adenylyltransferase,0.0716,0.0757,Archaeoglobus sulfaticallidus,NE
359,ast,Asulf_01033,K02984,"RP-S3Ae, RPS3A",small subunit ribosomal protein S3Ae,0.0,0.2901,Archaeoglobus sulfaticallidus,E
360,ast,Asulf_01037,K14234,tRNA-Thr,tRNA Thr,0.006,0.2024,Archaeoglobus sulfaticallidus,NE
361,ast,Asulf_01038,K14219,tRNA-Arg,tRNA Arg,0.0,0.2024,Archaeoglobus sulfaticallidus,E
362,ast,Asulf_01047,K01251,"E3.3.1.1, ahcY",adenosylhomocysteinase,0.0534,0.0351,Archaeoglobus sulfaticallidus,NE
363,ast,Asulf_01067,K09903,pyrH,uridylate kinase,0.8789,0.5971,Archaeoglobus sulfaticallidus,E
364,ast,Asulf_01068,K01869,"LARS, leuS",leucyl-tRNA synthetase,0.6103,0.5347,Archaeoglobus sulfaticallidus,E
365,ast,Asulf_01069,K03470,rnhB,ribonuclease HII,0.0093,0.1015,Archaeoglobus sulfaticallidus,NE
366,ast,Asulf_01070,K03106,"SRP54, ffh",signal recognition particle subunit SRP54,0.5327,0.5766,Archaeoglobus sulfaticallidus,NE
367,ast,Asulf_01071,K00302,soxA,"sarcosine oxidase, subunit alpha",0.0,0.0010,Archaeoglobus sulfaticallidus,NE
368,ast,Asulf_01074,K00303,soxB,"sarcosine oxidase, subunit beta",0.0,0.0023,Archaeoglobus sulfaticallidus,NE
369,ast,Asulf_01076,K14126,"mvhA, vhuA, vhcA",F420-non-reducing hydrogenase large subunit,0.0,0.0063,Archaeoglobus sulfaticallidus,NE
370,ast,Asulf_01077,K14128,"mvhG, vhuG, vhcG",F420-non-reducing hydrogenase small subunit,0.0,0.0063,Archaeoglobus sulfaticallidus,NE
371,ast,Asulf_01078,K14127,"mvhD, vhuD, vhcD",F420-non-reducing hydrogenase iron-sulfur subunit,0.0,0.0063,Archaeoglobus sulfaticallidus,NE
372,ast,Asulf_01079,K03389,hdrB,heterodisulfide reductase subunit B,0.0,0.0000 ,Archaeoglobus sulfaticallidus,NE
373,ast,Asulf_01080,K03390,hdrC,heterodisulfide reductase subunit C,0.0,0.0000 ,Archaeoglobus sulfaticallidus,NE
374,ast,Asulf_01081,K03388,hdrA,heterodisulfide reductase subunit A,0.0,0.0000 ,Archaeoglobus sulfaticallidus,NE
375,ast,Asulf_01087,K13812,fae-hps,bifunctional enzyme Fae/Hps,0.0,0.0000 ,Archaeoglobus sulfaticallidus,NE
376,ast,Asulf_01088,K01803,"TPI, tpiA",triosephosphate isomerase (TIM),0.5625,0.7010,Archaeoglobus sulfaticallidus,NE
377,ast,Asulf_01089,K00052,"leuB, IMDH",3-isopropylmalate dehydrogenase,0.0322,0.0634,Archaeoglobus sulfaticallidus,NE
378,ast,Asulf_01090,K01704,"leuD, IPMI-S",3-isopropylmalate/(R)-2-methylmalate dehydratase small subunit,0.0482,0.0748,Archaeoglobus sulfaticallidus,NE
379,ast,Asulf_01092,K02428,rdgB,XTP/dITP diphosphohydrolase,0.2749,0.2063,Archaeoglobus sulfaticallidus,NE
380,ast,Asulf_01097,K14234,tRNA-Thr,tRNA Thr,0.006,0.2024,Archaeoglobus sulfaticallidus,NE
381,ast,Asulf_01111,K01912,paaK,phenylacetate-CoA ligase,0.0,0.0000 ,Archaeoglobus sulfaticallidus,NE
382,ast,Asulf_01113,K16011,"algA, xanB, rfbA, wbpW, pslB",mannose-1-phosphate guanylyltransferase / mannose-6-phosphate isomerase,0.1422,0.0517,Archaeoglobus sulfaticallidus,NE
383,ast,Asulf_01117,K00077,"panE, apbA",2-dehydropantoate 2-reductase,0.0526,0.2248,Archaeoglobus sulfaticallidus,NE
384,ast,Asulf_01118,K03151,thiI,thiamine biosynthesis protein ThiI,0.018,0.0983,Archaeoglobus sulfaticallidus,NE
385,ast,Asulf_01123,K00626,"E2.3.1.9, atoB",acetyl-CoA C-acetyltransferase,0.0206,0.0393,Archaeoglobus sulfaticallidus,NE
386,ast,Asulf_01124,K01912,paaK,phenylacetate-CoA ligase,0.0,0.0000 ,Archaeoglobus sulfaticallidus,NE
387,ast,Asulf_01126,K00014,aroE,shikimate dehydrogenase,0.1039,0.1242,Archaeoglobus sulfaticallidus,NE
388,ast,Asulf_01127,K05873,"E4.6.1.1B, cyaB","adenylate cyclase, class 2",0.0,0.0331,Archaeoglobus sulfaticallidus,E
389,ast,Asulf_01131,K02435,"gatC, GATC",aspartyl-tRNA(Asn)/glutamyl-tRNA(Gln) amidotransferase subunit C,0.4842,0.3799,Archaeoglobus sulfaticallidus,NE
390,ast,Asulf_01132,K02433,"gatA, QRSL1",aspartyl-tRNA(Asn)/glutamyl-tRNA(Gln) amidotransferase subunit A,0.5916,0.2286,Archaeoglobus sulfaticallidus,NE
391,ast,Asulf_01133,K07587,sepRS,O-phosphoseryl-tRNA synthetase,0.0,0.1821,Archaeoglobus sulfaticallidus,E
392,ast,Asulf_01136,K02194,ccmB,heme exporter protein B,0.0021,0.0090,Archaeoglobus sulfaticallidus,NE
393,ast,Asulf_01137,K02193,ccmA,heme exporter protein A,0.0206,0.0071,Archaeoglobus sulfaticallidus,NE
394,ast,Asulf_01141,K00656,"E2.3.1.54, pflD",formate C-acetyltransferase,0.726,0.7634,Archaeoglobus sulfaticallidus,E
395,ast,Asulf_01151,K14230,tRNA-Met,tRNA Met,0.0,0.2024,Archaeoglobus sulfaticallidus,E
396,ast,Asulf_01154,K22223,,,,,Archaeoglobus sulfaticallidus,NE
397,ast,Asulf_01182,K03657,"uvrD, pcrA",DNA helicase II / ATP-dependent DNA helicase PcrA,0.0351,0.0917,Archaeoglobus sulfaticallidus,NE
398,ast,Asulf_01183,K18882,"priL, pri2, priB",DNA primase large subunit,0.0,0.4564,Archaeoglobus sulfaticallidus,E
399,ast,Asulf_01187,K14237,tRNA-Val,tRNA Val,0.006,0.2024,Archaeoglobus sulfaticallidus,NE
400,ast,Asulf_01188,K00074,"paaH, hbd, fadB, mmgB",3-hydroxybutyryl-CoA dehydrogenase,0.0021,0.0057,Archaeoglobus sulfaticallidus,NE
401,ast,Asulf_01189,K01715,crt,enoyl-CoA hydratase,0.0241,0.0208,Archaeoglobus sulfaticallidus,NE
402,ast,Asulf_01192,K00626,"E2.3.1.9, atoB",acetyl-CoA C-acetyltransferase,0.0206,0.0393,Archaeoglobus sulfaticallidus,NE
403,ast,Asulf_01197,K01661,menB,naphthoate synthase,0.0572,0.0673,Archaeoglobus sulfaticallidus,NE
404,ast,Asulf_01198,K00074,"paaH, hbd, fadB, mmgB",3-hydroxybutyryl-CoA dehydrogenase,0.0021,0.0057,Archaeoglobus sulfaticallidus,NE
405,ast,Asulf_01200,K00610,pyrI,aspartate carbamoyltransferase regulatory subunit,0.1048,0.2116,Archaeoglobus sulfaticallidus,NE
406,ast,Asulf_01201,K00609,"pyrB, PYR2",aspartate carbamoyltransferase catalytic subunit,0.0526,0.2378,Archaeoglobus sulfaticallidus,NE
407,ast,Asulf_01211,K01733,thrC,threonine synthase,0.111,0.1922,Archaeoglobus sulfaticallidus,NE
408,ast,Asulf_01214,K01953,"asnB, ASNS",asparagine synthase (glutamine-hydrolysing),0.0302,0.0397,Archaeoglobus sulfaticallidus,NE
409,ast,Asulf_01219,K03413,cheY,"two-component system, chemotaxis family, response regulator CheY",0.0,0.0036,Archaeoglobus sulfaticallidus,NE
410,ast,Asulf_01220,K14220,tRNA-Asn,tRNA Asn,0.0,0.2024,Archaeoglobus sulfaticallidus,E
411,ast,Asulf_01226,K11212,cofD,LPPG:FO 2-phospho-L-lactate transferase,0.0,0.000,Archaeoglobus sulfaticallidus,NE
412,ast,Asulf_01231,K00198,"cooS, acsA",anaerobic carbon-monoxide dehydrogenase catalytic subunit,0.0,0.0000 ,Archaeoglobus sulfaticallidus,NE
413,ast,Asulf_01239,K16841,hpxA,allantoin racemase,0.0044,0.0534,Archaeoglobus sulfaticallidus,NE
414,ast,Asulf_01241,K02031,ABC.PE.A,peptide/nickel transport system ATP-binding protein,0.0,0.0004,Archaeoglobus sulfaticallidus,NE
415,ast,Asulf_01242,K02034,ABC.PE.P1,peptide/nickel transport system permease protein,0.0075,0.0026,Archaeoglobus sulfaticallidus,NE
416,ast,Asulf_01243,K02033,ABC.PE.P,peptide/nickel transport system permease protein,0.0016,0.0026,Archaeoglobus sulfaticallidus,NE
417,ast,Asulf_01244,K02035,ABC.PE.S,peptide/nickel transport system substrate-binding protein,0.0016,0.0015,Archaeoglobus sulfaticallidus,NE
418,ast,Asulf_01262,K01703,"leuC, IPMI-L",3-isopropylmalate/(R)-2-methylmalate dehydratase large subunit,0.0463,0.0763,Archaeoglobus sulfaticallidus,NE
419,ast,Asulf_01265,K00286,proC,pyrroline-5-carboxylate reductase,0.0526,0.0624,Archaeoglobus sulfaticallidus,NE
420,ast,Asulf_01268,K06859,pgi1,"glucose-6-phosphate isomerase, archaeal",0.4117,0.2659,Archaeoglobus sulfaticallidus,NE
421,ast,Asulf_01271,K03413,cheY,"two-component system, chemotaxis family, response regulator CheY",0.0,0.0036,Archaeoglobus sulfaticallidus,NE
422,ast,Asulf_01279,K03523,bioY,biotin transport system substrate-specific component,0.0035,0.0073,Archaeoglobus sulfaticallidus,NE
423,ast,Asulf_01280,K16786,ecfA1,energy-coupling factor transport system ATP-binding protein,0.0534,0.0143,Archaeoglobus sulfaticallidus,NE
424,ast,Asulf_01284,K00806,uppS,undecaprenyl diphosphate synthase,0.6186,0.2407,Archaeoglobus sulfaticallidus,E
425,ast,Asulf_01285,K06928,NTPCR,nucleoside-triphosphatase,0.4891,0.4988,Archaeoglobus sulfaticallidus,NE
426,ast,Asulf_01289,K00763,"pncB, NAPRT1",nicotinate phosphoribosyltransferase,0.0685,0.2006,Archaeoglobus sulfaticallidus,NE
427,ast,Asulf_01291,K02500,hisF,cyclase,0.0606,0.0888,Archaeoglobus sulfaticallidus,NE
428,ast,Asulf_01292,K01512,acyP,acylphosphatase,0.0,0.0000 ,Archaeoglobus sulfaticallidus,NE
429,ast,Asulf_01295,K02867,"RP-L11, MRPL11, rplK",large subunit ribosomal protein L11,0.5327,0.5955,Archaeoglobus sulfaticallidus,NE
430,ast,Asulf_01297,K07342,"SEC61G, SSS1, secE",protein transport protein SEC61 subunit gamma and related proteins,0.0,,Archaeoglobus sulfaticallidus,NE
431,ast,Asulf_01298,K14230,tRNA-Met,tRNA Met,0.0,0.2024,Archaeoglobus sulfaticallidus,E
432,ast,Asulf_01342,K12574,rnj,ribonuclease J,0.1142,0.0776,Archaeoglobus sulfaticallidus,NE
433,ast,Asulf_01353,K00558,"DNMT1, dcm",DNA (cytosine-5)-methyltransferase 1,0.137,0.1102,Archaeoglobus sulfaticallidus,NE
434,ast,Asulf_01354,K03575,mutY,A/G-specific adenine glycosylase,0.0,0.0035,Archaeoglobus sulfaticallidus,NE
435,ast,Asulf_01360,K03654,recQ,ATP-dependent DNA helicase RecQ,0.0014,0.0359,Archaeoglobus sulfaticallidus,NE
436,ast,Asulf_01400,K02319,"DPA, polB",DNA polymerase I,0.8098,0.7274,Archaeoglobus sulfaticallidus,E
437,ast,Asulf_01420,K17228,sfnG,dimethylsulfone monooxygenase,0.0,0.0079,Archaeoglobus sulfaticallidus,NE
438,ast,Asulf_01429,K00057,gpsA,glycerol-3-phosphate dehydrogenase (NAD(P)+),0.2265,0.0904,Archaeoglobus sulfaticallidus,NE
439,ast,Asulf_01431,K00626,"E2.3.1.9, atoB",acetyl-CoA C-acetyltransferase,0.0206,0.0393,Archaeoglobus sulfaticallidus,NE
440,ast,Asulf_01433,K15016,K15016,enoyl-CoA hydratase / 3-hydroxyacyl-CoA dehydrogenase,0.0286,0.0038,Archaeoglobus sulfaticallidus,NE
441,ast,Asulf_01444,K00928,lysC,aspartate kinase,0.3479,0.4527,Archaeoglobus sulfaticallidus,NE
442,ast,Asulf_01475,K00946,thiL,thiamine-monophosphate kinase,0.4471,0.2865,Archaeoglobus sulfaticallidus,NE
443,ast,Asulf_01477,K03637,"moaC, CNX3",cyclic pyranopterin monophosphate synthase,0.0064,0.0241,Archaeoglobus sulfaticallidus,NE
444,ast,Asulf_01478,K00104,glcD,glycolate oxidase,0.0085,0.0055,Archaeoglobus sulfaticallidus,NE
445,ast,Asulf_01499,K04802,PCNA,proliferating cell nuclear antigen,0.0,0.4731,Archaeoglobus sulfaticallidus,E
446,ast,Asulf_01519,K14234,tRNA-Thr,tRNA Thr,0.006,0.2024,Archaeoglobus sulfaticallidus,NE
447,ast,Asulf_01521,K14234,tRNA-Thr,tRNA Thr,0.006,0.2024,Archaeoglobus sulfaticallidus,NE
448,ast,Asulf_01523,K14223,tRNA-Gln,tRNA Gln,0.0,0.2024,Archaeoglobus sulfaticallidus,E
449,ast,Asulf_01545,K14225,tRNA-Gly,tRNA Gly,0.0,0.2024,Archaeoglobus sulfaticallidus,E
450,ast,Asulf_01551,K00948,"PRPS, prsA",ribose-phosphate pyrophosphokinase,0.7656,0.8943,Archaeoglobus sulfaticallidus,E
451,ast,Asulf_01552,K01251,"E3.3.1.1, ahcY",adenosylhomocysteinase,0.0534,0.0351,Archaeoglobus sulfaticallidus,NE
452,ast,Asulf_01557,K00384,trxB,thioredoxin reductase (NADPH),0.165,0.2275,Archaeoglobus sulfaticallidus,NE
453,ast,Asulf_01560,K01872,"AARS, alaS",alanyl-tRNA synthetase,0.6601,0.5571,Archaeoglobus sulfaticallidus,E
454,ast,Asulf_01561,K12234,"cofE, fbiB",coenzyme F420-0:L-glutamate ligase / coenzyme F420-1:gamma-L-glutamate ligase,0.0,0.000,Archaeoglobus sulfaticallidus,NE
455,ast,Asulf_01564,K03151,thiI,thiamine biosynthesis protein ThiI,0.018,0.0983,Archaeoglobus sulfaticallidus,NE
456,ast,Asulf_01567,K10979,ku,DNA end-binding protein Ku,0.0,0.0000 ,Archaeoglobus sulfaticallidus,NE
457,ast,Asulf_01568,K01971,ligD,bifunctional non-homologous end joining protein LigD,0.0,0.0000 ,Archaeoglobus sulfaticallidus,NE
458,ast,Asulf_01571,K01480,speB,agmatinase,0.0031,0.0043,Archaeoglobus sulfaticallidus,NE
459,ast,Asulf_01578,K00797,"speE, SRM",spermidine synthase,0.0,0.0000 ,Archaeoglobus sulfaticallidus,NE
460,ast,Asulf_01584,K02035,ABC.PE.S,peptide/nickel transport system substrate-binding protein,0.0016,0.0015,Archaeoglobus sulfaticallidus,NE
461,ast,Asulf_01585,K02033,ABC.PE.P,peptide/nickel transport system permease protein,0.0016,0.0026,Archaeoglobus sulfaticallidus,NE
462,ast,Asulf_01586,K02034,ABC.PE.P1,peptide/nickel transport system permease protein,0.0075,0.0026,Archaeoglobus sulfaticallidus,NE
463,ast,Asulf_01587,K02031,ABC.PE.A,peptide/nickel transport system ATP-binding protein,0.0,0.0004,Archaeoglobus sulfaticallidus,NE
464,ast,Asulf_01590,K09759,aspC,nondiscriminating aspartyl-tRNA synthetase,0.0,0.2797,Archaeoglobus sulfaticallidus,E
465,ast,Asulf_01591,K00013,hisD,histidinol dehydrogenase,0.0309,0.0714,Archaeoglobus sulfaticallidus,NE
466,ast,Asulf_01592,K09722,"K09722, pps",4-phosphopantoate---beta-alanine ligase,0.0,0.1175,Archaeoglobus sulfaticallidus,E
467,ast,Asulf_01593,K14222,tRNA-Cys,tRNA Cys,0.0,0.2024,Archaeoglobus sulfaticallidus,E
468,ast,Asulf_01598,K00203,"fwdD, fmdD",formylmethanofuran dehydrogenase subunit D,0.0,0.0000 ,Archaeoglobus sulfaticallidus,NE
469,ast,Asulf_01599,K00201,"fwdB, fmdB",formylmethanofuran dehydrogenase subunit B,0.0,0.0000 ,Archaeoglobus sulfaticallidus,NE
470,ast,Asulf_01600,K00200,"fwdA, fmdA",formylmethanofuran dehydrogenase subunit A,0.0,0.0000 ,Archaeoglobus sulfaticallidus,NE
471,ast,Asulf_01601,K00202,"fwdC, fmdC",formylmethanofuran dehydrogenase subunit C,0.0,0.0000 ,Archaeoglobus sulfaticallidus,NE
472,ast,Asulf_01603,K00053,ilvC,ketol-acid reductoisomerase,0.0563,0.1147,Archaeoglobus sulfaticallidus,NE
473,ast,Asulf_01604,K10773,NTH,endonuclease III,0.001,0.0113,Archaeoglobus sulfaticallidus,NE
474,ast,Asulf_01605,K00626,"E2.3.1.9, atoB",acetyl-CoA C-acetyltransferase,0.0206,0.0393,Archaeoglobus sulfaticallidus,NE
475,ast,Asulf_01608,K00074,"paaH, hbd, fadB, mmgB",3-hydroxybutyryl-CoA dehydrogenase,0.0021,0.0057,Archaeoglobus sulfaticallidus,NE
476,ast,Asulf_01621,K14228,tRNA-Leu,tRNA Leu,0.006,0.2024,Archaeoglobus sulfaticallidus,NE
477,ast,Asulf_01622,K04802,PCNA,proliferating cell nuclear antigen,0.0,0.4731,Archaeoglobus sulfaticallidus,E
478,ast,Asulf_01623,K06965,"PELO, DOM34, pelA",protein pelota,0.0,,Archaeoglobus sulfaticallidus,NE
479,ast,Asulf_01624,K01881,"PARS, proS",prolyl-tRNA synthetase,0.6601,0.5571,Archaeoglobus sulfaticallidus,E
480,ast,Asulf_01626,K17830,GGR,digeranylgeranylglycerophospholipid reductase,0.0,0.0536,Archaeoglobus sulfaticallidus,E
481,ast,Asulf_01627,K02626,pdaD,arginine decarboxylase,0.0825,0.0121,Archaeoglobus sulfaticallidus,NE
482,ast,Asulf_01631,K00821,argD,acetylornithine/N-succinyldiaminopimelate aminotransferase,0.2629,0.0658,Archaeoglobus sulfaticallidus,NE
483,ast,Asulf_01633,K00150,gap2,glyceraldehyde-3-phosphate dehydrogenase (NAD(P)),0.6172,0.4505,Archaeoglobus sulfaticallidus,E
484,ast,Asulf_01636,K10747,LIG1,DNA ligase 1,0.0,0.2360,Archaeoglobus sulfaticallidus,E
485,ast,Asulf_01639,K08264,hdrD,heterodisulfide reductase subunit D,0.0,0.0000 ,Archaeoglobus sulfaticallidus,NE
486,ast,Asulf_01641,K03147,thiC,phosphomethylpyrimidine synthase,0.0335,0.1146,Archaeoglobus sulfaticallidus,NE
487,ast,Asulf_01642,K08963,mtnA,methylthioribose-1-phosphate isomerase,0.0,0.0334,Archaeoglobus sulfaticallidus,E
488,ast,Asulf_01643,K14225,tRNA-Gly,tRNA Gly,0.0,0.2024,Archaeoglobus sulfaticallidus,E
489,ast,Asulf_01649,K13280,"SEC11, sipW","signal peptidase, endoplasmic reticulum-type",0.0,0.0806,Archaeoglobus sulfaticallidus,E
490,ast,Asulf_01650,K00525,"E1.17.4.1A, nrdA, nrdE",ribonucleoside-diphosphate reductase alpha chain,0.7656,0.6595,Archaeoglobus sulfaticallidus,E
491,ast,Asulf_01659,K19244,ala,alanine dehydrogenase,0.3934,0.1507,Archaeoglobus sulfaticallidus,NE
492,ast,Asulf_01660,K03433,"psmB, prcB",proteasome beta subunit,0.0,0.0017,Archaeoglobus sulfaticallidus,NE
493,ast,Asulf_01664,K00003,E1.1.1.3,homoserine dehydrogenase,0.1029,0.1079,Archaeoglobus sulfaticallidus,NE
494,ast,Asulf_01666,K00826,"E2.6.1.42, ilvE",branched-chain amino acid aminotransferase,0.0166,0.0653,Archaeoglobus sulfaticallidus,NE
495,ast,Asulf_01670,K03116,tatA,sec-independent protein translocase protein TatA,0.0206,0.0739,Archaeoglobus sulfaticallidus,NE
496,ast,Asulf_01673,K01677,"E4.2.1.2AA, fumA",fumarate hydratase subunit alpha,0.1422,0.0503,Archaeoglobus sulfaticallidus,NE
497,ast,Asulf_01674,K01678,"E4.2.1.2AB, fumB",fumarate hydratase subunit beta,0.1422,0.0503,Archaeoglobus sulfaticallidus,NE
498,ast,Asulf_01677,K14229,tRNA-Lys,tRNA Lys,0.006,0.2024,Archaeoglobus sulfaticallidus,NE
499,ast,Asulf_01687,K01779,racD,aspartate racemase,0.0,0.0000 ,Archaeoglobus sulfaticallidus,NE
500,ast,Asulf_01689,K01652,"E2.2.1.6L, ilvB, ilvG, ilvI",acetolactate synthase I/II/III large subunit,0.0184,0.0311,Archaeoglobus sulfaticallidus,NE
501,ast,Asulf_01690,K01653,"E2.2.1.6S, ilvH, ilvN",acetolactate synthase I/III small subunit,0.019,0.0562,Archaeoglobus sulfaticallidus,NE
502,ast,Asulf_01700,K06914,mfnD,tyramine---L-glutamate ligase,0.0,0.000,Archaeoglobus sulfaticallidus,NE
503,ast,Asulf_01701,K14219,tRNA-Arg,tRNA Arg,0.0,0.2024,Archaeoglobus sulfaticallidus,E
504,ast,Asulf_01715,K00798,"MMAB, pduO",cob(I)alamin adenosyltransferase,0.0067,0.0376,Archaeoglobus sulfaticallidus,NE
505,ast,Asulf_01717,K01849,"E5.4.99.2B, mcmA2","methylmalonyl-CoA mutase, C-terminal domain",0.008,0.1113,Archaeoglobus sulfaticallidus,NE
506,ast,Asulf_01718,K01848,"E5.4.99.2A, mcmA1","methylmalonyl-CoA mutase, N-terminal domain",0.008,0.1113,Archaeoglobus sulfaticallidus,NE
507,ast,Asulf_01725,K03118,tatC,sec-independent protein translocase protein TatC,0.0584,0.1144,Archaeoglobus sulfaticallidus,NE
508,ast,Asulf_01728,K02323,"DPB2, polD1",DNA polymerase II small subunit,0.8098,0.8032,Archaeoglobus sulfaticallidus,E
509,ast,Asulf_01733,K14534,abfD,4-hydroxybutyryl-CoA dehydratase / vinylacetyl-CoA-Delta-isomerase,0.0,0.0000 ,Archaeoglobus sulfaticallidus,NE
510,ast,Asulf_01739,K05966,citG,triphosphoribosyl-dephospho-CoA synthase,0.0,0.0007,Archaeoglobus sulfaticallidus,NE
511,ast,Asulf_01756,K06966,K06966,uncharacterized protein,0.0012,0.0125,Archaeoglobus sulfaticallidus,NE
512,ast,Asulf_01759,K01875,"SARS, serS",seryl-tRNA synthetase,0.6103,0.5347,Archaeoglobus sulfaticallidus,E
513,ast,Asulf_01763,K06920,queC,7-cyano-7-deazaguanine synthase,0.0,0.1423,Archaeoglobus sulfaticallidus,E
514,ast,Asulf_01764,K01933,purM,phosphoribosylformylglycinamidine cyclo-ligase,0.0526,0.0937,Archaeoglobus sulfaticallidus,NE
515,ast,Asulf_01767,K01586,lysA,diaminopimelate decarboxylase,0.071,0.1073,Archaeoglobus sulfaticallidus,NE
516,ast,Asulf_01768,K10206,E2.6.1.83,LL-diaminopimelate aminotransferase,0.0286,0.1087,Archaeoglobus sulfaticallidus,NE
517,ast,Asulf_01769,K01647,"CS, gltA",citrate synthase,0.2338,0.2171,Archaeoglobus sulfaticallidus,NE
518,ast,Asulf_01772,K01952,"purL, PFAS",phosphoribosylformylglycinamidine synthase,0.0386,0.0838,Archaeoglobus sulfaticallidus,NE
519,ast,Asulf_01773,K01952,"purL, PFAS",phosphoribosylformylglycinamidine synthase,0.0386,0.0838,Archaeoglobus sulfaticallidus,NE
520,ast,Asulf_01774,K01952,"purL, PFAS",phosphoribosylformylglycinamidine synthase,0.0386,0.0838,Archaeoglobus sulfaticallidus,NE
521,ast,Asulf_01776,K01439,dapE,succinyl-diaminopimelate desuccinylase,0.3579,0.1038,Archaeoglobus sulfaticallidus,NE
522,ast,Asulf_01782,K02927,"RP-L40e, RPL40",large subunit ribosomal protein L40e,0.0,0.2901,Archaeoglobus sulfaticallidus,E
523,ast,Asulf_01783,K01998,livM,branched-chain amino acid transport system permease protein,0.0,0.0000 ,Archaeoglobus sulfaticallidus,NE
524,ast,Asulf_01784,K01997,livH,branched-chain amino acid transport system permease protein,0.0,0.0000 ,Archaeoglobus sulfaticallidus,NE
525,ast,Asulf_01785,K01999,livK,branched-chain amino acid transport system substrate-binding protein,0.0,0.0005,Archaeoglobus sulfaticallidus,NE
526,ast,Asulf_01786,K01995,livG,branched-chain amino acid transport system ATP-binding protein,0.0,0.0002,Archaeoglobus sulfaticallidus,NE
527,ast,Asulf_01787,K01996,livF,branched-chain amino acid transport system ATP-binding protein,0.0,0.0002,Archaeoglobus sulfaticallidus,NE
528,ast,Asulf_01791,K00764,"purF, PPAT",amidophosphoribosyltransferase,0.0184,0.1521,Archaeoglobus sulfaticallidus,NE
529,ast,Asulf_01792,K02922,"RP-L37e, RPL37",large subunit ribosomal protein L37e,0.0,0.2901,Archaeoglobus sulfaticallidus,E
530,ast,Asulf_01800,K00331,nuoB,NADH-quinone oxidoreductase subunit B,0.0936,0.0437,Archaeoglobus sulfaticallidus,NE
531,ast,Asulf_01802,K00333,nuoD,NADH-quinone oxidoreductase subunit D,0.1207,0.0319,Archaeoglobus sulfaticallidus,NE
532,ast,Asulf_01803,K00337,nuoH,NADH-quinone oxidoreductase subunit H,0.0936,0.0437,Archaeoglobus sulfaticallidus,NE
533,ast,Asulf_01804,K05580,ndhI,NAD(P)H-quinone oxidoreductase subunit I,0.0,0.0307,Archaeoglobus sulfaticallidus,E
534,ast,Asulf_01810,K00342,nuoM,NADH-quinone oxidoreductase subunit M,0.1462,0.0896,Archaeoglobus sulfaticallidus,NE
535,ast,Asulf_01816,K03388,hdrA,heterodisulfide reductase subunit A,0.0,0.0000 ,Archaeoglobus sulfaticallidus,NE
536,ast,Asulf_01817,K14127,"mvhD, vhuD, vhcD",F420-non-reducing hydrogenase iron-sulfur subunit,0.0,0.0063,Archaeoglobus sulfaticallidus,NE
537,ast,Asulf_01821,K03390,hdrC,heterodisulfide reductase subunit C,0.0,0.0000 ,Archaeoglobus sulfaticallidus,NE
538,ast,Asulf_01822,K03389,hdrB,heterodisulfide reductase subunit B,0.0,0.0000 ,Archaeoglobus sulfaticallidus,NE
539,ast,Asulf_01828,K03154,thiS,sulfur carrier protein,0.0551,0.0894,Archaeoglobus sulfaticallidus,NE
540,ast,Asulf_01830,K14228,tRNA-Leu,tRNA Leu,0.006,0.2024,Archaeoglobus sulfaticallidus,NE
541,ast,Asulf_01838,K14224,tRNA-Glu,tRNA Glu,0.0,0.2024,Archaeoglobus sulfaticallidus,E
542,ast,Asulf_01843,K06167,phnP,"phosphoribosyl 1,2-cyclic phosphate phosphodiesterase",0.0,0.0002,Archaeoglobus sulfaticallidus,NE
543,ast,Asulf_01849,K01867,"WARS, trpS",tryptophanyl-tRNA synthetase,0.5166,0.4923,Archaeoglobus sulfaticallidus,NE
544,ast,Asulf_01852,K14234,tRNA-Thr,tRNA Thr,0.006,0.2024,Archaeoglobus sulfaticallidus,NE
545,ast,Asulf_01855,K03118,tatC,sec-independent protein translocase protein TatC,0.0584,0.1144,Archaeoglobus sulfaticallidus,NE
546,ast,Asulf_01856,K03738,aor,aldehyde:ferredoxin oxidoreductase,0.0,0.0113,Archaeoglobus sulfaticallidus,NE
547,ast,Asulf_01857,K01999,livK,branched-chain amino acid transport system substrate-binding protein,0.0,0.0005,Archaeoglobus sulfaticallidus,NE
548,ast,Asulf_01858,K01997,livH,branched-chain amino acid transport system permease protein,0.0,0.0000 ,Archaeoglobus sulfaticallidus,NE
549,ast,Asulf_01859,K01998,livM,branched-chain amino acid transport system permease protein,0.0,0.0000 ,Archaeoglobus sulfaticallidus,NE
550,ast,Asulf_01860,K01995,livG,branched-chain amino acid transport system ATP-binding protein,0.0,0.0002,Archaeoglobus sulfaticallidus,NE
551,ast,Asulf_01861,K01996,livF,branched-chain amino acid transport system ATP-binding protein,0.0,0.0002,Archaeoglobus sulfaticallidus,NE
552,ast,Asulf_01865,K03413,cheY,"two-component system, chemotaxis family, response regulator CheY",0.0,0.0036,Archaeoglobus sulfaticallidus,NE
553,ast,Asulf_01873,K00765,hisG,ATP phosphoribosyltransferase,0.0606,0.0888,Archaeoglobus sulfaticallidus,NE
554,ast,Asulf_01876,K02342,"DPO3E, dnaQ",DNA polymerase III subunit epsilon,0.8212,0.6494,Archaeoglobus sulfaticallidus,E
555,ast,Asulf_01877,K02006,cbiO,cobalt/nickel transport system ATP-binding protein,0.0051,0.0143,Archaeoglobus sulfaticallidus,NE
556,ast,Asulf_01878,K02008,cbiQ,cobalt/nickel transport system permease protein,0.0,0.0102,Archaeoglobus sulfaticallidus,NE
557,ast,Asulf_01879,K02009,cbiN,cobalt/nickel transport protein,0.0,0.0053,Archaeoglobus sulfaticallidus,NE
558,ast,Asulf_01880,K02007,cbiM,cobalt/nickel transport system permease protein,0.006,0.0062,Archaeoglobus sulfaticallidus,NE
559,ast,Asulf_01896,K01704,"leuD, IPMI-S",3-isopropylmalate/(R)-2-methylmalate dehydratase small subunit,0.0482,0.0748,Archaeoglobus sulfaticallidus,NE
560,ast,Asulf_01902,K02866,"RP-L10e, RPL10",large subunit ribosomal protein L10e,0.0,0.6883,Archaeoglobus sulfaticallidus,E
561,ast,Asulf_01904,K00549,metE,5-methyltetrahydropteroyltriglutamate--homocysteine methyltransferase,0.0429,0.1899,Archaeoglobus sulfaticallidus,NE
562,ast,Asulf_01926,K00860,cysC,adenylylsulfate kinase,0.075,0.0945,Archaeoglobus sulfaticallidus,NE
563,ast,Asulf_01938,K01897,"ACSL, fadD",long-chain acyl-CoA synthetase,0.0,0.0000 ,Archaeoglobus sulfaticallidus,NE
564,ast,Asulf_01966,K01499,mch,methenyltetrahydromethanopterin cyclohydrolase,0.0,0.0000 ,Archaeoglobus sulfaticallidus,NE
565,ast,Asulf_01971,K07456,mutS2,DNA mismatch repair protein MutS2,0.0,0.0099,Archaeoglobus sulfaticallidus,NE
566,ast,Asulf_01977,K00820,"glmS, GFPT",glucosamine--fructose-6-phosphate aminotransferase (isomerizing),0.6712,0.7161,Archaeoglobus sulfaticallidus,E
567,ast,Asulf_01978,K00973,"E2.7.7.24, rfbA, rffH",glucose-1-phosphate thymidylyltransferase,0.0335,0.0709,Archaeoglobus sulfaticallidus,NE
568,ast,Asulf_01979,K04042,glmU,bifunctional UDP-N-acetylglucosamine pyrophosphorylase / Glucosamine-1-phosphate N-acetyltransferase,0.5073,0.2081,Archaeoglobus sulfaticallidus,NE
569,ast,Asulf_01980,K01601,rbcL,ribulose-bisphosphate carboxylase large chain,0.0071,0.0011,Archaeoglobus sulfaticallidus,NE
570,ast,Asulf_01981,K04567,"KARS, lysS","lysyl-tRNA synthetase, class II",0.4899,0.4350,Archaeoglobus sulfaticallidus,NE
571,ast,Asulf_01982,K00145,argC,N-acetyl-gamma-glutamyl-phosphate reductase,0.0463,0.0630,Archaeoglobus sulfaticallidus,NE
572,ast,Asulf_01985,K01628,fucA,L-fuculose-phosphate aldolase,0.0,0.0002,Archaeoglobus sulfaticallidus,NE
573,ast,Asulf_01988,K01983,ffs,SRP RNA,0.0,0.0806,Archaeoglobus sulfaticallidus,E
574,ast,Asulf_01991,K02195,ccmC,heme exporter protein C,0.0085,0.0090,Archaeoglobus sulfaticallidus,NE
575,ast,Asulf_01992,K03124,"TFIIB, GTF2B, SUA7, tfb",transcription initiation factor TFIIB,0.0,,Archaeoglobus sulfaticallidus,NE
576,ast,Asulf_01996,K00611,"OTC, argF, argI",ornithine carbamoyltransferase,0.0206,0.0571,Archaeoglobus sulfaticallidus,NE
577,ast,Asulf_01997,K01916,nadE,NAD+ synthase,0.6496,0.4952,Archaeoglobus sulfaticallidus,E
578,ast,Asulf_01998,K00891,"E2.7.1.71, aroK, aroL",shikimate kinase,0.1756,0.1196,Archaeoglobus sulfaticallidus,NE
579,ast,Asulf_01999,K17103,"CHO1, pssA",CDP-diacylglycerol---serine O-phosphatidyltransferase,0.3583,0.2425,Archaeoglobus sulfaticallidus,NE
580,ast,Asulf_02000,K09739,mptD,dihydroneopterin aldolase,0.0,0.0073,Archaeoglobus sulfaticallidus,NE
581,ast,Asulf_02014,K10726,"mcm, cdc21",replicative DNA helicase Mcm,0.0,0.0772,Archaeoglobus sulfaticallidus,E
582,ast,Asulf_02016,K00096,"araM, egsA",glycerol-1-phosphate dehydrogenase [NAD(P)+],0.0,0.0333,Archaeoglobus sulfaticallidus,E
583,ast,Asulf_02021,K02433,"gatA, QRSL1",aspartyl-tRNA(Asn)/glutamyl-tRNA(Gln) amidotransferase subunit A,0.5916,0.2286,Archaeoglobus sulfaticallidus,NE
584,ast,Asulf_02023,K14233,tRNA-Ser,tRNA Ser,0.0,0.2024,Archaeoglobus sulfaticallidus,E
585,ast,Asulf_02024,K00197,"cdhE, acsC",acetyl-CoA decarbonylase/synthase complex subunit gamma,0.0,0.0000 ,Archaeoglobus sulfaticallidus,NE
586,ast,Asulf_02025,K00194,"cdhD, acsD",acetyl-CoA decarbonylase/synthase complex subunit delta,0.0,0.0000 ,Archaeoglobus sulfaticallidus,NE
587,ast,Asulf_02027,K00193,cdhC,acetyl-CoA decarbonylase/synthase complex subunit beta,0.0,0.0000 ,Archaeoglobus sulfaticallidus,NE
588,ast,Asulf_02028,K00195,cdhB,acetyl-CoA decarbonylase/synthase complex subunit epsilon,0.0,0.0000 ,Archaeoglobus sulfaticallidus,NE
589,ast,Asulf_02029,K00192,cdhA,acetyl-CoA decarbonylase/synthase complex subunit alpha,0.0,0.0000 ,Archaeoglobus sulfaticallidus,NE
590,ast,Asulf_02037,K14652,ribBA,"3,4-dihydroxy 2-butanone 4-phosphate synthase / GTP cyclohydrolase II",0.3054,0.3176,Archaeoglobus sulfaticallidus,NE
591,ast,Asulf_02038,K14218,tRNA-Ala,tRNA Ala,0.006,0.2024,Archaeoglobus sulfaticallidus,NE
592,ast,Asulf_02051,K14227,tRNA-Ile,tRNA Ile,0.0,0.2024,Archaeoglobus sulfaticallidus,E
593,ast,Asulf_02060,K02863,"RP-L1, MRPL1, rplA",large subunit ribosomal protein L1,0.4306,0.5610,Archaeoglobus sulfaticallidus,NE
594,ast,Asulf_02061,K02864,"RP-L10, MRPL10, rplJ",large subunit ribosomal protein L10,0.58,0.6162,Archaeoglobus sulfaticallidus,NE
595,ast,Asulf_02062,K02869,"RP-L12, rpl12",large subunit ribosomal protein L12,0.0,0.2901,Archaeoglobus sulfaticallidus,E
596,ast,Asulf_02063,K01959,pycA,pyruvate carboxylase subunit A,0.127,0.1859,Archaeoglobus sulfaticallidus,NE
597,ast,Asulf_02065,K00973,"E2.7.7.24, rfbA, rffH",glucose-1-phosphate thymidylyltransferase,0.0335,0.0709,Archaeoglobus sulfaticallidus,NE
598,ast,Asulf_02071,K01784,"galE, GALE",UDP-glucose 4-epimerase,0.0526,0.0568,Archaeoglobus sulfaticallidus,NE
599,ast,Asulf_02075,K04751,glnB,nitrogen regulatory protein P-II 1,0.0152,0.0102,Archaeoglobus sulfaticallidus,NE
600,ast,Asulf_02077,K04751,glnB,nitrogen regulatory protein P-II 1,0.0152,0.0102,Archaeoglobus sulfaticallidus,NE
601,ast,Asulf_02078,K07732,rfk,"riboflavin kinase, archaea type",0.6172,0.3849,Archaeoglobus sulfaticallidus,E
602,ast,Asulf_02079,K02858,"ribB, RIB3","3,4-dihydroxy 2-butanone 4-phosphate synthase",0.2472,0.2616,Archaeoglobus sulfaticallidus,NE
603,ast,Asulf_02083,K00600,"glyA, SHMT",glycine hydroxymethyltransferase,0.3164,0.4597,Archaeoglobus sulfaticallidus,NE
604,ast,Asulf_02084,K00762,pyrE,orotate phosphoribosyltransferase,0.0259,0.1665,Archaeoglobus sulfaticallidus,NE
605,ast,Asulf_02086,K14219,tRNA-Arg,tRNA Arg,0.0,0.2024,Archaeoglobus sulfaticallidus,E
606,ast,Asulf_02087,K00054,mvaA,hydroxymethylglutaryl-CoA reductase,0.0825,0.1393,Archaeoglobus sulfaticallidus,NE
607,ast,Asulf_02090,K01572,oadB,"oxaloacetate decarboxylase, beta subunit",0.1045,0.0323,Archaeoglobus sulfaticallidus,NE
608,ast,Asulf_02093,K02877,"RP-L15e, RPL15",large subunit ribosomal protein L15e,0.0,0.2901,Archaeoglobus sulfaticallidus,E
609,ast,Asulf_02094,K01142,"E3.1.11.2, xthA",exodeoxyribonuclease III,0.001,0.0110,Archaeoglobus sulfaticallidus,NE
610,ast,Asulf_02095,K14224,tRNA-Glu,tRNA Glu,0.0,0.2024,Archaeoglobus sulfaticallidus,E
611,ast,Asulf_02096,K01880,"GARS, glyS1",glycyl-tRNA synthetase,0.0987,0.1960,Archaeoglobus sulfaticallidus,NE
612,ast,Asulf_02102,K04799,"FEN1, RAD2",flap endonuclease-1,0.0,0.0000 ,Archaeoglobus sulfaticallidus,NE
613,ast,Asulf_02103,K03638,moaB,molybdenum cofactor biosynthesis protein B,0.0,0.0093,Archaeoglobus sulfaticallidus,NE
614,ast,Asulf_02111,K00394,aprA,"adenylylsulfate reductase, subunit A",0.0,0.0282,Archaeoglobus sulfaticallidus,NE
615,ast,Asulf_02112,K00395,aprB,"adenylylsulfate reductase, subunit B",0.0,0.0282,Archaeoglobus sulfaticallidus,NE
616,ast,Asulf_02114,K00958,"sat, met3",sulfate adenylyltransferase,0.0564,0.0388,Archaeoglobus sulfaticallidus,NE
617,ast,Asulf_02116,K11780,cofG,FO synthase subunit 1,0.0,0.000,Archaeoglobus sulfaticallidus,NE
618,ast,Asulf_02117,K11781,cofH,FO synthase subunit 2,0.0,0.000,Archaeoglobus sulfaticallidus,NE
619,ast,Asulf_02130,K03738,aor,aldehyde:ferredoxin oxidoreductase,0.0,0.0113,Archaeoglobus sulfaticallidus,NE
620,ast,Asulf_02132,K00560,"thyA, TYMS",thymidylate synthase,0.7829,0.8126,Archaeoglobus sulfaticallidus,E
621,ast,Asulf_02136,K17218,sqr,sulfide:quinone oxidoreductase,0.0,0.0087,Archaeoglobus sulfaticallidus,NE
622,ast,Asulf_02140,K14223,tRNA-Gln,tRNA Gln,0.0,0.2024,Archaeoglobus sulfaticallidus,E
623,ast,Asulf_02149,K01945,purD,phosphoribosylamine--glycine ligase,0.0268,0.0743,Archaeoglobus sulfaticallidus,NE
624,ast,Asulf_02152,K06868,sepcysS,Sep-tRNA:Cys-tRNA synthetase,0.0,0.1821,Archaeoglobus sulfaticallidus,E
625,ast,Asulf_02154,K01985,"5SrRNA, rrf",5S ribosomal RNA,0.006,0.3104,Archaeoglobus sulfaticallidus,NE
626,ast,Asulf_02156,K00320,mer,"5,10-methylenetetrahydromethanopterin reductase",0.0,0.0000 ,Archaeoglobus sulfaticallidus,NE
627,ast,Asulf_02157,K03524,birA,"BirA family transcriptional regulator, biotin operon repressor / biotin-[acetyl-CoA-carboxylase] ligase",0.5498,0.3672,Archaeoglobus sulfaticallidus,NE
628,ast,Asulf_02162,K01588,purE,5-(carboxyamino)imidazole ribonucleotide mutase,0.0526,0.0937,Archaeoglobus sulfaticallidus,NE
629,ast,Asulf_02171,K14228,tRNA-Leu,tRNA Leu,0.006,0.2024,Archaeoglobus sulfaticallidus,NE
630,ast,Asulf_02182,K03738,aor,aldehyde:ferredoxin oxidoreductase,0.0,0.0113,Archaeoglobus sulfaticallidus,NE
631,ast,Asulf_02191,K02120,"ATPVD, ntpD, atpD",V/A-type H+/Na+-transporting ATPase subunit D,0.0,0.0160,Archaeoglobus sulfaticallidus,NE
632,ast,Asulf_02192,K02118,"ATPVB, ntpB, atpB",V/A-type H+/Na+-transporting ATPase subunit B,0.0,0.0160,Archaeoglobus sulfaticallidus,NE
633,ast,Asulf_02193,K02117,"ATPVA, ntpA, atpA",V/A-type H+/Na+-transporting ATPase subunit A,0.0,0.0160,Archaeoglobus sulfaticallidus,NE
634,ast,Asulf_02194,K02122,"ATPVF, ntpF, atpF",V/A-type H+/Na+-transporting ATPase subunit F,0.0,0.0160,Archaeoglobus sulfaticallidus,NE
635,ast,Asulf_02195,K02119,"ATPVC, ntpC, atpC",V/A-type H+/Na+-transporting ATPase subunit C,0.0,0.0160,Archaeoglobus sulfaticallidus,NE
636,ast,Asulf_02196,K02121,"ATPVE, ntpE, atpE",V/A-type H+/Na+-transporting ATPase subunit E,0.0,0.0160,Archaeoglobus sulfaticallidus,NE
637,ast,Asulf_02197,K02124,"ATPVK, ntpK, atpK",V/A-type H+/Na+-transporting ATPase subunit K,0.0,0.0952,Archaeoglobus sulfaticallidus,E
638,ast,Asulf_02198,K02123,"ATPVI, ntpI, atpI",V/A-type H+/Na+-transporting ATPase subunit I,0.0,0.0160,Archaeoglobus sulfaticallidus,NE
639,ast,Asulf_02199,K02107,"ATPVG, ahaH, atpH",V/A-type H+/Na+-transporting ATPase subunit G/H,0.0,0.0160,Archaeoglobus sulfaticallidus,NE
640,ast,Asulf_02200,K03750,moeA,molybdopterin molybdotransferase,0.0051,0.1550,Archaeoglobus sulfaticallidus,NE
641,ast,Asulf_02201,K03636,"moaD, cysO",sulfur-carrier protein,0.0,0.0140,Archaeoglobus sulfaticallidus,NE
642,ast,Asulf_02202,K00193,cdhC,acetyl-CoA decarbonylase/synthase complex subunit beta,0.0,0.0000 ,Archaeoglobus sulfaticallidus,NE
643,ast,Asulf_02216,K01903,sucC,succinyl-CoA synthetase beta subunit,0.0322,0.0831,Archaeoglobus sulfaticallidus,NE
644,ast,Asulf_02217,K01902,sucD,succinyl-CoA synthetase alpha subunit,0.0631,0.0742,Archaeoglobus sulfaticallidus,NE
645,ast,Asulf_02218,K00239,"sdhA, frdA","succinate dehydrogenase / fumarate reductase, flavoprotein subunit",0.2684,0.2219,Archaeoglobus sulfaticallidus,NE
646,ast,Asulf_02219,K00240,"sdhB, frdB","succinate dehydrogenase / fumarate reductase, iron-sulfur subunit",0.2338,0.2373,Archaeoglobus sulfaticallidus,NE
647,ast,Asulf_02220,K00241,"sdhC, frdC","succinate dehydrogenase / fumarate reductase, cytochrome b subunit",0.2684,0.2467,Archaeoglobus sulfaticallidus,NE
648,ast,Asulf_02221,K00242,"sdhD, frdD","succinate dehydrogenase / fumarate reductase, membrane anchor subunit",0.2867,0.2319,Archaeoglobus sulfaticallidus,NE
649,ast,Asulf_02223,K20881,yrfG,5-nucleotidase,0.1122,0.0741,Archaeoglobus sulfaticallidus,NE
650,ast,Asulf_02225,K03432,"psmA, prcA",proteasome alpha subunit,0.0,0.0017,Archaeoglobus sulfaticallidus,NE
651,ast,Asulf_02227,K03679,"RRP4, EXOSC2",exosome complex component RRP4,0.0,0.0305,Archaeoglobus sulfaticallidus,E
652,ast,Asulf_02228,K11600,"RRP41, EXOSC4, SKI6",exosome complex component RRP41,0.0,0.0422,Archaeoglobus sulfaticallidus,E
653,ast,Asulf_02229,K12589,"RRP42, EXOSC7",exosome complex component RRP42,0.0,0.0508,Archaeoglobus sulfaticallidus,E
654,ast,Asulf_02230,K02921,"RP-L37Ae, RPL37A",large subunit ribosomal protein L37Ae,0.0,0.2901,Archaeoglobus sulfaticallidus,E
655,ast,Asulf_02231,K03059,rpoP,DNA-directed RNA polymerase subunit P,0.8098,0.8186,Archaeoglobus sulfaticallidus,E
656,ast,Asulf_02235,K02232,"cobQ, cbiP",adenosylcobyric acid synthase,0.0016,0.0328,Archaeoglobus sulfaticallidus,NE
657,ast,Asulf_02237,K02007,cbiM,cobalt/nickel transport system permease protein,0.006,0.0062,Archaeoglobus sulfaticallidus,NE
658,ast,Asulf_02238,K02009,cbiN,cobalt/nickel transport protein,0.0,0.0053,Archaeoglobus sulfaticallidus,NE
659,ast,Asulf_02239,K02008,cbiQ,cobalt/nickel transport system permease protein,0.0,0.0102,Archaeoglobus sulfaticallidus,NE
660,ast,Asulf_02240,K02006,cbiO,cobalt/nickel transport system ATP-binding protein,0.0051,0.0143,Archaeoglobus sulfaticallidus,NE
661,ast,Asulf_02245,K02191,cbiT,cobalt-precorrin-6B (C15)-methyltransferase,0.0,0.0280,Archaeoglobus sulfaticallidus,NE
662,ast,Asulf_02246,K03394,cobI-cbiL,precorrin-2/cobalt-factor-2 C20-methyltransferase,0.0022,0.0296,Archaeoglobus sulfaticallidus,NE
663,ast,Asulf_02247,K03182,ubiD,4-hydroxy-3-polyprenylbenzoate decarboxylase,0.1083,0.0771,Archaeoglobus sulfaticallidus,NE
664,ast,Asulf_02250,K06281,"hyaB, hybC",hydrogenase large subunit,0.0,0.0000 ,Archaeoglobus sulfaticallidus,NE
665,ast,Asulf_02251,K06282,"hyaA, hybO",hydrogenase small subunit,0.0,0.0004,Archaeoglobus sulfaticallidus,NE
666,ast,Asulf_02256,K02936,"RP-L7Ae, RPL7A",large subunit ribosomal protein L7Ae,0.0,0.2901,Archaeoglobus sulfaticallidus,E
667,ast,Asulf_02257,K02979,"RP-S28e, RPS28",small subunit ribosomal protein S28e,0.0,0.2901,Archaeoglobus sulfaticallidus,E
668,ast,Asulf_02258,K02896,"RP-L24e, RPL24",large subunit ribosomal protein L24e,0.0,0.2901,Archaeoglobus sulfaticallidus,E
669,ast,Asulf_02259,K00940,"ndk, NME",nucleoside-diphosphate kinase,0.7341,0.8327,Archaeoglobus sulfaticallidus,E
670,ast,Asulf_02261,K02991,"RP-S6e, RPS6",small subunit ribosomal protein S6e,0.0,,Archaeoglobus sulfaticallidus,NE
671,ast,Asulf_02262,K03183,ubiE,"demethylmenaquinone methyltransferase / 2-methoxy-6-polyprenyl-1,4-benzoquinol methylase",0.3865,0.2014,Archaeoglobus sulfaticallidus,NE
672,ast,Asulf_02269,K14221,tRNA-Asp,tRNA Asp,0.0,0.2024,Archaeoglobus sulfaticallidus,E
673,ast,Asulf_02270,K03752,mobA,molybdenum cofactor guanylyltransferase,0.0,0.0063,Archaeoglobus sulfaticallidus,NE
674,ast,Asulf_02271,K03639,"moaA, CNX2","GTP 3,8-cyclase",0.0206,0.0410,Archaeoglobus sulfaticallidus,NE
675,ast,Asulf_02273,K00817,hisC,histidinol-phosphate aminotransferase,0.1003,0.1197,Archaeoglobus sulfaticallidus,NE
676,ast,Asulf_02274,K18532,"AK6, FAP7",adenylate kinase,0.7777,0.7448,Archaeoglobus sulfaticallidus,E
677,ast,Asulf_02276,K01465,"URA4, pyrC",dihydroorotase,0.0386,0.1747,Archaeoglobus sulfaticallidus,NE
678,ast,Asulf_02280,K00319,mtd,methylenetetrahydromethanopterin dehydrogenase,0.0,0.0000 ,Archaeoglobus sulfaticallidus,NE
679,ast,Asulf_02284,K00817,hisC,histidinol-phosphate aminotransferase,0.1003,0.1197,Archaeoglobus sulfaticallidus,NE
680,ast,Asulf_02292,K11179,"tusE, dsrC",tRNA 2-thiouridine synthesizing protein E,0.0616,0.0721,Archaeoglobus sulfaticallidus,NE
681,ast,Asulf_02300,K01622,K01622,"fructose 1,6-bisphosphate aldolase/phosphatase",0.6493,0.5333,Archaeoglobus sulfaticallidus,E
